--
-- PostgreSQL database dump
--

-- Dumped from database version 17.5
-- Dumped by pg_dump version 17.5

-- Started on 2026-02-05 08:12:41

SET statement_timeout = 0;
SET lock_timeout = 0;
SET idle_in_transaction_session_timeout = 0;
SET transaction_timeout = 0;
SET client_encoding = 'UTF8';
SET standard_conforming_strings = on;
SELECT pg_catalog.set_config('search_path', '', false);
SET check_function_bodies = false;
SET xmloption = content;
SET client_min_messages = warning;
SET row_security = off;

SET default_tablespace = '';

SET default_table_access_method = heap;

--
-- TOC entry 242 (class 1259 OID 25764)
-- Name: author_book; Type: TABLE; Schema: public; Owner: postgres
--

CREATE TABLE public.author_book (
    book_id bigint NOT NULL,
    author_id bigint NOT NULL,
    created_at timestamp(0) without time zone,
    updated_at timestamp(0) without time zone
);


ALTER TABLE public.author_book OWNER TO postgres;

--
-- TOC entry 233 (class 1259 OID 25684)
-- Name: authors; Type: TABLE; Schema: public; Owner: postgres
--

CREATE TABLE public.authors (
    id bigint NOT NULL,
    last_name character varying(255) NOT NULL,
    first_name character varying(255) NOT NULL,
    middle_name character varying(255),
    created_at timestamp(0) without time zone,
    updated_at timestamp(0) without time zone
);


ALTER TABLE public.authors OWNER TO postgres;

--
-- TOC entry 232 (class 1259 OID 25683)
-- Name: authors_id_seq; Type: SEQUENCE; Schema: public; Owner: postgres
--

CREATE SEQUENCE public.authors_id_seq
    START WITH 1
    INCREMENT BY 1
    NO MINVALUE
    NO MAXVALUE
    CACHE 1;


ALTER SEQUENCE public.authors_id_seq OWNER TO postgres;

--
-- TOC entry 5054 (class 0 OID 0)
-- Dependencies: 232
-- Name: authors_id_seq; Type: SEQUENCE OWNED BY; Schema: public; Owner: postgres
--

ALTER SEQUENCE public.authors_id_seq OWNED BY public.authors.id;


--
-- TOC entry 235 (class 1259 OID 25693)
-- Name: books; Type: TABLE; Schema: public; Owner: postgres
--

CREATE TABLE public.books (
    id bigint NOT NULL,
    category_id bigint NOT NULL,
    title character varying(255) NOT NULL,
    isbn character varying(255) NOT NULL,
    price numeric(10,2) NOT NULL,
    stock_quantity integer DEFAULT 0 NOT NULL,
    description text,
    cover_image_url character varying(255),
    created_at timestamp(0) without time zone,
    updated_at timestamp(0) without time zone
);


ALTER TABLE public.books OWNER TO postgres;

--
-- TOC entry 234 (class 1259 OID 25692)
-- Name: books_id_seq; Type: SEQUENCE; Schema: public; Owner: postgres
--

CREATE SEQUENCE public.books_id_seq
    START WITH 1
    INCREMENT BY 1
    NO MINVALUE
    NO MAXVALUE
    CACHE 1;


ALTER SEQUENCE public.books_id_seq OWNER TO postgres;

--
-- TOC entry 5055 (class 0 OID 0)
-- Dependencies: 234
-- Name: books_id_seq; Type: SEQUENCE OWNED BY; Schema: public; Owner: postgres
--

ALTER SEQUENCE public.books_id_seq OWNED BY public.books.id;


--
-- TOC entry 223 (class 1259 OID 25627)
-- Name: cache; Type: TABLE; Schema: public; Owner: postgres
--

CREATE TABLE public.cache (
    key character varying(255) NOT NULL,
    value text NOT NULL,
    expiration integer NOT NULL
);


ALTER TABLE public.cache OWNER TO postgres;

--
-- TOC entry 224 (class 1259 OID 25635)
-- Name: cache_locks; Type: TABLE; Schema: public; Owner: postgres
--

CREATE TABLE public.cache_locks (
    key character varying(255) NOT NULL,
    owner character varying(255) NOT NULL,
    expiration integer NOT NULL
);


ALTER TABLE public.cache_locks OWNER TO postgres;

--
-- TOC entry 231 (class 1259 OID 25675)
-- Name: categories; Type: TABLE; Schema: public; Owner: postgres
--

CREATE TABLE public.categories (
    id bigint NOT NULL,
    name character varying(255) NOT NULL,
    description text NOT NULL,
    created_at timestamp(0) without time zone,
    updated_at timestamp(0) without time zone
);


ALTER TABLE public.categories OWNER TO postgres;

--
-- TOC entry 230 (class 1259 OID 25674)
-- Name: categories_id_seq; Type: SEQUENCE; Schema: public; Owner: postgres
--

CREATE SEQUENCE public.categories_id_seq
    START WITH 1
    INCREMENT BY 1
    NO MINVALUE
    NO MAXVALUE
    CACHE 1;


ALTER SEQUENCE public.categories_id_seq OWNER TO postgres;

--
-- TOC entry 5056 (class 0 OID 0)
-- Dependencies: 230
-- Name: categories_id_seq; Type: SEQUENCE OWNED BY; Schema: public; Owner: postgres
--

ALTER SEQUENCE public.categories_id_seq OWNED BY public.categories.id;


--
-- TOC entry 229 (class 1259 OID 25661)
-- Name: failed_jobs; Type: TABLE; Schema: public; Owner: postgres
--

CREATE TABLE public.failed_jobs (
    id bigint NOT NULL,
    uuid character varying(255) NOT NULL,
    connection text NOT NULL,
    queue text NOT NULL,
    payload text NOT NULL,
    exception text NOT NULL,
    failed_at timestamp(0) without time zone DEFAULT CURRENT_TIMESTAMP NOT NULL
);


ALTER TABLE public.failed_jobs OWNER TO postgres;

--
-- TOC entry 228 (class 1259 OID 25660)
-- Name: failed_jobs_id_seq; Type: SEQUENCE; Schema: public; Owner: postgres
--

CREATE SEQUENCE public.failed_jobs_id_seq
    START WITH 1
    INCREMENT BY 1
    NO MINVALUE
    NO MAXVALUE
    CACHE 1;


ALTER SEQUENCE public.failed_jobs_id_seq OWNER TO postgres;

--
-- TOC entry 5057 (class 0 OID 0)
-- Dependencies: 228
-- Name: failed_jobs_id_seq; Type: SEQUENCE OWNED BY; Schema: public; Owner: postgres
--

ALTER SEQUENCE public.failed_jobs_id_seq OWNED BY public.failed_jobs.id;


--
-- TOC entry 227 (class 1259 OID 25653)
-- Name: job_batches; Type: TABLE; Schema: public; Owner: postgres
--

CREATE TABLE public.job_batches (
    id character varying(255) NOT NULL,
    name character varying(255) NOT NULL,
    total_jobs integer NOT NULL,
    pending_jobs integer NOT NULL,
    failed_jobs integer NOT NULL,
    failed_job_ids text NOT NULL,
    options text,
    cancelled_at integer,
    created_at integer NOT NULL,
    finished_at integer
);


ALTER TABLE public.job_batches OWNER TO postgres;

--
-- TOC entry 226 (class 1259 OID 25644)
-- Name: jobs; Type: TABLE; Schema: public; Owner: postgres
--

CREATE TABLE public.jobs (
    id bigint NOT NULL,
    queue character varying(255) NOT NULL,
    payload text NOT NULL,
    attempts smallint NOT NULL,
    reserved_at integer,
    available_at integer NOT NULL,
    created_at integer NOT NULL
);


ALTER TABLE public.jobs OWNER TO postgres;

--
-- TOC entry 225 (class 1259 OID 25643)
-- Name: jobs_id_seq; Type: SEQUENCE; Schema: public; Owner: postgres
--

CREATE SEQUENCE public.jobs_id_seq
    START WITH 1
    INCREMENT BY 1
    NO MINVALUE
    NO MAXVALUE
    CACHE 1;


ALTER SEQUENCE public.jobs_id_seq OWNER TO postgres;

--
-- TOC entry 5058 (class 0 OID 0)
-- Dependencies: 225
-- Name: jobs_id_seq; Type: SEQUENCE OWNED BY; Schema: public; Owner: postgres
--

ALTER SEQUENCE public.jobs_id_seq OWNED BY public.jobs.id;


--
-- TOC entry 218 (class 1259 OID 25594)
-- Name: migrations; Type: TABLE; Schema: public; Owner: postgres
--

CREATE TABLE public.migrations (
    id integer NOT NULL,
    migration character varying(255) NOT NULL,
    batch integer NOT NULL
);


ALTER TABLE public.migrations OWNER TO postgres;

--
-- TOC entry 217 (class 1259 OID 25593)
-- Name: migrations_id_seq; Type: SEQUENCE; Schema: public; Owner: postgres
--

CREATE SEQUENCE public.migrations_id_seq
    AS integer
    START WITH 1
    INCREMENT BY 1
    NO MINVALUE
    NO MAXVALUE
    CACHE 1;


ALTER SEQUENCE public.migrations_id_seq OWNER TO postgres;

--
-- TOC entry 5059 (class 0 OID 0)
-- Dependencies: 217
-- Name: migrations_id_seq; Type: SEQUENCE OWNED BY; Schema: public; Owner: postgres
--

ALTER SEQUENCE public.migrations_id_seq OWNED BY public.migrations.id;


--
-- TOC entry 239 (class 1259 OID 25729)
-- Name: order_items; Type: TABLE; Schema: public; Owner: postgres
--

CREATE TABLE public.order_items (
    id bigint NOT NULL,
    order_id bigint NOT NULL,
    book_id bigint NOT NULL,
    quantity integer NOT NULL,
    unit_price numeric(10,2) NOT NULL,
    created_at timestamp(0) without time zone,
    updated_at timestamp(0) without time zone
);


ALTER TABLE public.order_items OWNER TO postgres;

--
-- TOC entry 238 (class 1259 OID 25728)
-- Name: order_items_id_seq; Type: SEQUENCE; Schema: public; Owner: postgres
--

CREATE SEQUENCE public.order_items_id_seq
    START WITH 1
    INCREMENT BY 1
    NO MINVALUE
    NO MAXVALUE
    CACHE 1;


ALTER SEQUENCE public.order_items_id_seq OWNER TO postgres;

--
-- TOC entry 5060 (class 0 OID 0)
-- Dependencies: 238
-- Name: order_items_id_seq; Type: SEQUENCE OWNED BY; Schema: public; Owner: postgres
--

ALTER SEQUENCE public.order_items_id_seq OWNED BY public.order_items.id;


--
-- TOC entry 237 (class 1259 OID 25715)
-- Name: orders; Type: TABLE; Schema: public; Owner: postgres
--

CREATE TABLE public.orders (
    id bigint NOT NULL,
    customer_id bigint NOT NULL,
    total_amount numeric(10,2) NOT NULL,
    status character varying(255) DEFAULT 'pending'::character varying NOT NULL,
    created_at timestamp(0) without time zone,
    updated_at timestamp(0) without time zone,
    CONSTRAINT orders_status_check CHECK (((status)::text = ANY ((ARRAY['pending'::character varying, 'processing'::character varying, 'completed'::character varying, 'cancelled'::character varying])::text[])))
);


ALTER TABLE public.orders OWNER TO postgres;

--
-- TOC entry 236 (class 1259 OID 25714)
-- Name: orders_id_seq; Type: SEQUENCE; Schema: public; Owner: postgres
--

CREATE SEQUENCE public.orders_id_seq
    START WITH 1
    INCREMENT BY 1
    NO MINVALUE
    NO MAXVALUE
    CACHE 1;


ALTER SEQUENCE public.orders_id_seq OWNER TO postgres;

--
-- TOC entry 5061 (class 0 OID 0)
-- Dependencies: 236
-- Name: orders_id_seq; Type: SEQUENCE OWNED BY; Schema: public; Owner: postgres
--

ALTER SEQUENCE public.orders_id_seq OWNED BY public.orders.id;


--
-- TOC entry 221 (class 1259 OID 25611)
-- Name: password_reset_tokens; Type: TABLE; Schema: public; Owner: postgres
--

CREATE TABLE public.password_reset_tokens (
    email character varying(255) NOT NULL,
    token character varying(255) NOT NULL,
    created_at timestamp(0) without time zone
);


ALTER TABLE public.password_reset_tokens OWNER TO postgres;

--
-- TOC entry 241 (class 1259 OID 25746)
-- Name: reviews; Type: TABLE; Schema: public; Owner: postgres
--

CREATE TABLE public.reviews (
    id bigint NOT NULL,
    customer_id bigint NOT NULL,
    book_id bigint NOT NULL,
    rating smallint NOT NULL,
    comment text,
    created_at timestamp(0) without time zone,
    updated_at timestamp(0) without time zone
);


ALTER TABLE public.reviews OWNER TO postgres;

--
-- TOC entry 240 (class 1259 OID 25745)
-- Name: reviews_id_seq; Type: SEQUENCE; Schema: public; Owner: postgres
--

CREATE SEQUENCE public.reviews_id_seq
    START WITH 1
    INCREMENT BY 1
    NO MINVALUE
    NO MAXVALUE
    CACHE 1;


ALTER SEQUENCE public.reviews_id_seq OWNER TO postgres;

--
-- TOC entry 5062 (class 0 OID 0)
-- Dependencies: 240
-- Name: reviews_id_seq; Type: SEQUENCE OWNED BY; Schema: public; Owner: postgres
--

ALTER SEQUENCE public.reviews_id_seq OWNED BY public.reviews.id;


--
-- TOC entry 222 (class 1259 OID 25618)
-- Name: sessions; Type: TABLE; Schema: public; Owner: postgres
--

CREATE TABLE public.sessions (
    id character varying(255) NOT NULL,
    user_id bigint,
    ip_address character varying(45),
    user_agent text,
    payload text NOT NULL,
    last_activity integer NOT NULL
);


ALTER TABLE public.sessions OWNER TO postgres;

--
-- TOC entry 220 (class 1259 OID 25601)
-- Name: users; Type: TABLE; Schema: public; Owner: postgres
--

CREATE TABLE public.users (
    id bigint NOT NULL,
    name character varying(255) NOT NULL,
    email character varying(255) NOT NULL,
    email_verified_at timestamp(0) without time zone,
    password character varying(255) NOT NULL,
    remember_token character varying(100),
    created_at timestamp(0) without time zone,
    updated_at timestamp(0) without time zone,
    role character varying(255) DEFAULT 'customer'::character varying NOT NULL,
    CONSTRAINT users_role_check CHECK (((role)::text = ANY ((ARRAY['admin'::character varying, 'customer'::character varying])::text[])))
);


ALTER TABLE public.users OWNER TO postgres;

--
-- TOC entry 219 (class 1259 OID 25600)
-- Name: users_id_seq; Type: SEQUENCE; Schema: public; Owner: postgres
--

CREATE SEQUENCE public.users_id_seq
    START WITH 1
    INCREMENT BY 1
    NO MINVALUE
    NO MAXVALUE
    CACHE 1;


ALTER SEQUENCE public.users_id_seq OWNER TO postgres;

--
-- TOC entry 5063 (class 0 OID 0)
-- Dependencies: 219
-- Name: users_id_seq; Type: SEQUENCE OWNED BY; Schema: public; Owner: postgres
--

ALTER SEQUENCE public.users_id_seq OWNED BY public.users.id;


--
-- TOC entry 4818 (class 2604 OID 25687)
-- Name: authors id; Type: DEFAULT; Schema: public; Owner: postgres
--

ALTER TABLE ONLY public.authors ALTER COLUMN id SET DEFAULT nextval('public.authors_id_seq'::regclass);


--
-- TOC entry 4819 (class 2604 OID 25696)
-- Name: books id; Type: DEFAULT; Schema: public; Owner: postgres
--

ALTER TABLE ONLY public.books ALTER COLUMN id SET DEFAULT nextval('public.books_id_seq'::regclass);


--
-- TOC entry 4817 (class 2604 OID 25678)
-- Name: categories id; Type: DEFAULT; Schema: public; Owner: postgres
--

ALTER TABLE ONLY public.categories ALTER COLUMN id SET DEFAULT nextval('public.categories_id_seq'::regclass);


--
-- TOC entry 4815 (class 2604 OID 25664)
-- Name: failed_jobs id; Type: DEFAULT; Schema: public; Owner: postgres
--

ALTER TABLE ONLY public.failed_jobs ALTER COLUMN id SET DEFAULT nextval('public.failed_jobs_id_seq'::regclass);


--
-- TOC entry 4814 (class 2604 OID 25647)
-- Name: jobs id; Type: DEFAULT; Schema: public; Owner: postgres
--

ALTER TABLE ONLY public.jobs ALTER COLUMN id SET DEFAULT nextval('public.jobs_id_seq'::regclass);


--
-- TOC entry 4811 (class 2604 OID 25597)
-- Name: migrations id; Type: DEFAULT; Schema: public; Owner: postgres
--

ALTER TABLE ONLY public.migrations ALTER COLUMN id SET DEFAULT nextval('public.migrations_id_seq'::regclass);


--
-- TOC entry 4823 (class 2604 OID 25732)
-- Name: order_items id; Type: DEFAULT; Schema: public; Owner: postgres
--

ALTER TABLE ONLY public.order_items ALTER COLUMN id SET DEFAULT nextval('public.order_items_id_seq'::regclass);


--
-- TOC entry 4821 (class 2604 OID 25718)
-- Name: orders id; Type: DEFAULT; Schema: public; Owner: postgres
--

ALTER TABLE ONLY public.orders ALTER COLUMN id SET DEFAULT nextval('public.orders_id_seq'::regclass);


--
-- TOC entry 4824 (class 2604 OID 25749)
-- Name: reviews id; Type: DEFAULT; Schema: public; Owner: postgres
--

ALTER TABLE ONLY public.reviews ALTER COLUMN id SET DEFAULT nextval('public.reviews_id_seq'::regclass);


--
-- TOC entry 4812 (class 2604 OID 25604)
-- Name: users id; Type: DEFAULT; Schema: public; Owner: postgres
--

ALTER TABLE ONLY public.users ALTER COLUMN id SET DEFAULT nextval('public.users_id_seq'::regclass);


--
-- TOC entry 5048 (class 0 OID 25764)
-- Dependencies: 242
-- Data for Name: author_book; Type: TABLE DATA; Schema: public; Owner: postgres
--

COPY public.author_book (book_id, author_id, created_at, updated_at) FROM stdin;
1	4	\N	\N
1	2	\N	\N
1	10	\N	\N
2	2	\N	\N
2	5	\N	\N
3	5	\N	\N
3	4	\N	\N
3	6	\N	\N
4	2	\N	\N
4	3	\N	\N
5	7	\N	\N
5	9	\N	\N
6	8	\N	\N
6	5	\N	\N
7	8	\N	\N
8	1	\N	\N
9	9	\N	\N
10	5	\N	\N
11	6	\N	\N
11	2	\N	\N
11	9	\N	\N
12	8	\N	\N
12	10	\N	\N
12	3	\N	\N
13	7	\N	\N
13	6	\N	\N
13	4	\N	\N
14	7	\N	\N
14	4	\N	\N
14	10	\N	\N
15	4	\N	\N
16	7	\N	\N
16	6	\N	\N
17	7	\N	\N
17	6	\N	\N
17	4	\N	\N
18	2	\N	\N
18	9	\N	\N
19	6	\N	\N
20	8	\N	\N
20	10	\N	\N
21	10	\N	\N
22	8	\N	\N
22	5	\N	\N
23	1	\N	\N
24	2	\N	\N
24	5	\N	\N
25	10	\N	\N
25	7	\N	\N
26	6	\N	\N
26	1	\N	\N
27	7	\N	\N
27	6	\N	\N
28	7	\N	\N
28	3	\N	\N
29	9	\N	\N
30	5	\N	\N
30	4	\N	\N
31	6	\N	\N
31	5	\N	\N
31	2	\N	\N
32	1	\N	\N
32	4	\N	\N
32	8	\N	\N
33	3	\N	\N
33	1	\N	\N
33	6	\N	\N
34	6	\N	\N
34	1	\N	\N
35	2	\N	\N
35	7	\N	\N
35	5	\N	\N
36	2	\N	\N
36	1	\N	\N
37	7	\N	\N
37	6	\N	\N
37	5	\N	\N
38	3	\N	\N
38	10	\N	\N
38	9	\N	\N
39	8	\N	\N
40	4	\N	\N
40	6	\N	\N
\.


--
-- TOC entry 5039 (class 0 OID 25684)
-- Dependencies: 233
-- Data for Name: authors; Type: TABLE DATA; Schema: public; Owner: postgres
--

COPY public.authors (id, last_name, first_name, middle_name, created_at, updated_at) FROM stdin;
1	Hauck	Elliot	w	2026-02-04 23:44:54	2026-02-04 23:44:54
2	Herman	Alena	t	2026-02-04 23:44:54	2026-02-04 23:44:54
3	West	Novella	j	2026-02-04 23:44:54	2026-02-04 23:44:54
4	Weber	Janet	c	2026-02-04 23:44:54	2026-02-04 23:44:54
5	Green	Amari	s	2026-02-04 23:44:54	2026-02-04 23:44:54
6	Kihn	Myrtie	i	2026-02-04 23:44:54	2026-02-04 23:44:54
7	Schiller	Antonina	h	2026-02-04 23:44:54	2026-02-04 23:44:54
8	Kutch	Mateo	r	2026-02-04 23:44:54	2026-02-04 23:44:54
9	Von	Mozell	u	2026-02-04 23:44:54	2026-02-04 23:44:54
10	Spinka	Alfred	j	2026-02-04 23:44:54	2026-02-04 23:44:54
\.


--
-- TOC entry 5041 (class 0 OID 25693)
-- Dependencies: 235
-- Data for Name: books; Type: TABLE DATA; Schema: public; Owner: postgres
--

COPY public.books (id, category_id, title, isbn, price, stock_quantity, description, cover_image_url, created_at, updated_at) FROM stdin;
1	1	Dolorem maiores in omnis sint.	9781761180170	33.39	54	\N	\N	2026-02-04 23:44:54	2026-02-04 23:44:54
2	1	Sapiente maiores molestias harum.	9794498259767	36.91	0	\N	\N	2026-02-04 23:44:54	2026-02-04 23:44:54
3	1	Temporibus magni magni impedit.	9780672073465	96.08	53	\N	\N	2026-02-04 23:44:54	2026-02-04 23:44:54
4	1	Sunt aperiam.	9787524312604	35.10	69	\N	\N	2026-02-04 23:44:54	2026-02-04 23:44:54
5	1	Deleniti qui quos.	9791356032197	80.87	9	\N	\N	2026-02-04 23:44:54	2026-02-04 23:44:54
6	2	Repellendus accusantium modi ipsam.	9789023138723	54.82	79	\N	\N	2026-02-04 23:44:54	2026-02-04 23:44:54
7	2	Ipsam ad placeat.	9788524437069	40.91	7	\N	\N	2026-02-04 23:44:54	2026-02-04 23:44:54
8	2	Tempora et qui saepe.	9796307550898	23.17	45	\N	\N	2026-02-04 23:44:55	2026-02-04 23:44:55
9	2	Similique sapiente eum eos.	9782136210874	60.58	74	\N	\N	2026-02-04 23:44:55	2026-02-04 23:44:55
10	2	Ea quos quam.	9783198840146	81.77	74	\N	\N	2026-02-04 23:44:55	2026-02-04 23:44:55
11	3	Recusandae quasi dolores atque.	9797405541313	50.48	76	\N	\N	2026-02-04 23:44:55	2026-02-04 23:44:55
12	3	Eum neque repellat laudantium.	9786224772558	12.61	22	\N	\N	2026-02-04 23:44:55	2026-02-04 23:44:55
13	3	Itaque eum minus.	9783243953593	31.84	69	\N	\N	2026-02-04 23:44:55	2026-02-04 23:44:55
14	3	Eius quis est.	9795501820202	98.63	10	\N	\N	2026-02-04 23:44:55	2026-02-04 23:44:55
15	3	Dicta porro.	9782131010394	76.87	9	\N	\N	2026-02-04 23:44:55	2026-02-04 23:44:55
16	4	Molestiae consectetur magnam.	9796666480744	78.80	63	\N	\N	2026-02-04 23:44:55	2026-02-04 23:44:55
17	4	Tempore nihil fugit architecto aut.	9790692186045	11.49	56	\N	\N	2026-02-04 23:44:55	2026-02-04 23:44:55
18	4	Voluptatem nobis expedita accusamus.	9789908240282	77.61	91	\N	\N	2026-02-04 23:44:55	2026-02-04 23:44:55
19	4	Odit est quis sequi.	9797507546223	93.35	31	\N	\N	2026-02-04 23:44:55	2026-02-04 23:44:55
20	4	Eaque minus.	9797175329234	56.07	31	\N	\N	2026-02-04 23:44:55	2026-02-04 23:44:55
21	5	Eaque ipsum ut.	9794331841890	25.80	94	\N	\N	2026-02-04 23:44:55	2026-02-04 23:44:55
22	5	Sit eveniet aut.	9792733626220	93.67	74	\N	\N	2026-02-04 23:44:55	2026-02-04 23:44:55
23	5	Autem consequatur non.	9797970834223	17.17	34	\N	\N	2026-02-04 23:44:55	2026-02-04 23:44:55
24	5	Corporis rerum quidem.	9788237251280	46.99	99	\N	\N	2026-02-04 23:44:55	2026-02-04 23:44:55
25	5	Ullam dolorem illum.	9793567771568	59.26	59	\N	\N	2026-02-04 23:44:55	2026-02-04 23:44:55
26	6	Sed architecto voluptatibus.	9780272774441	33.25	72	\N	\N	2026-02-04 23:44:55	2026-02-04 23:44:55
27	6	Harum perspiciatis soluta.	9787732712791	24.28	83	\N	\N	2026-02-04 23:44:55	2026-02-04 23:44:55
28	6	Expedita earum voluptatem cum.	9780546902198	37.72	42	\N	\N	2026-02-04 23:44:55	2026-02-04 23:44:55
29	6	Laudantium illum quisquam est.	9793325415284	50.39	86	\N	\N	2026-02-04 23:44:55	2026-02-04 23:44:55
30	6	Asperiores suscipit quos error.	9794429552134	73.08	82	\N	\N	2026-02-04 23:44:55	2026-02-04 23:44:55
31	7	Mollitia porro inventore.	9784793718731	66.35	19	\N	\N	2026-02-04 23:44:55	2026-02-04 23:44:55
32	7	Possimus ullam minima itaque.	9790972428070	81.12	9	\N	\N	2026-02-04 23:44:55	2026-02-04 23:44:55
33	7	Nihil consequatur est consequatur.	9785013040052	39.94	33	\N	\N	2026-02-04 23:44:55	2026-02-04 23:44:55
34	7	Officia quia neque et.	9785917347707	56.99	69	\N	\N	2026-02-04 23:44:55	2026-02-04 23:44:55
35	7	Quas libero.	9781840613506	54.94	74	\N	\N	2026-02-04 23:44:55	2026-02-04 23:44:55
36	8	Id omnis est.	9792579400831	77.20	87	\N	\N	2026-02-04 23:44:55	2026-02-04 23:44:55
37	8	Ea velit aspernatur.	9799155409646	63.47	15	\N	\N	2026-02-04 23:44:55	2026-02-04 23:44:55
38	8	Incidunt ipsa ratione.	9795224331160	53.74	66	\N	\N	2026-02-04 23:44:55	2026-02-04 23:44:55
39	8	Quasi quo nihil.	9792465259949	79.00	47	\N	\N	2026-02-04 23:44:55	2026-02-04 23:44:55
40	8	Quibusdam aut incidunt.	9798101304516	88.18	15	\N	\N	2026-02-04 23:44:55	2026-02-04 23:44:55
\.


--
-- TOC entry 5029 (class 0 OID 25627)
-- Dependencies: 223
-- Data for Name: cache; Type: TABLE DATA; Schema: public; Owner: postgres
--

COPY public.cache (key, value, expiration) FROM stdin;
\.


--
-- TOC entry 5030 (class 0 OID 25635)
-- Dependencies: 224
-- Data for Name: cache_locks; Type: TABLE DATA; Schema: public; Owner: postgres
--

COPY public.cache_locks (key, owner, expiration) FROM stdin;
\.


--
-- TOC entry 5037 (class 0 OID 25675)
-- Dependencies: 231
-- Data for Name: categories; Type: TABLE DATA; Schema: public; Owner: postgres
--

COPY public.categories (id, name, description, created_at, updated_at) FROM stdin;
1	Non-Fiction	Unde quasi rem molestias iure voluptas. Ea ut aut excepturi eum sapiente qui quam vitae. Sit quo fuga quod reprehenderit molestiae praesentium inventore. Esse et architecto reiciendis itaque optio perferendis.	2026-02-04 23:44:54	2026-02-04 23:44:54
2	Science	Eum dolorum fugit explicabo maxime. Quia nihil eius error. Vel est sit necessitatibus porro nemo.	2026-02-04 23:44:54	2026-02-04 23:44:54
3	Romance	Vitae illum reiciendis enim velit qui consequuntur quia. Enim quisquam suscipit provident officia sint. Dolores cumque qui optio distinctio omnis quibusdam. Sit qui quos omnis tempora sit eveniet sed.	2026-02-04 23:44:54	2026-02-04 23:44:54
4	Children	Voluptatem aliquam earum veritatis voluptatem officiis corporis. Sint et sapiente debitis eum. Minus et saepe molestiae. Fuga repudiandae necessitatibus rerum voluptas vitae.	2026-02-04 23:44:54	2026-02-04 23:44:54
5	Self-Help	Omnis aliquid consequatur et quo dolor autem. Mollitia quisquam molestiae possimus laudantium aut in. Totam occaecati distinctio sed assumenda accusamus aut et officiis. Non et mollitia quis nostrum voluptatem sed repellat quaerat. Distinctio est ea quam quae.	2026-02-04 23:44:54	2026-02-04 23:44:54
6	Biography	Est et ullam qui praesentium quae accusantium. Corporis impedit vero ducimus accusantium rerum sed vel. Officiis aliquam quasi beatae reprehenderit. Officiis quis cumque molestiae quae.	2026-02-04 23:44:54	2026-02-04 23:44:54
7	Fiction	Magnam ut molestias facere aliquid nesciunt nisi. Vitae qui qui quia sunt nesciunt molestias. Dignissimos quos aliquam atque ut aliquam reiciendis omnis.	2026-02-04 23:44:54	2026-02-04 23:44:54
8	Mystery	Quasi nobis tempora voluptate accusamus aliquid a rem. Debitis asperiores beatae minima facere et dolores velit. Nihil eaque ut reprehenderit accusamus temporibus iure et aut.	2026-02-04 23:44:54	2026-02-04 23:44:54
\.


--
-- TOC entry 5035 (class 0 OID 25661)
-- Dependencies: 229
-- Data for Name: failed_jobs; Type: TABLE DATA; Schema: public; Owner: postgres
--

COPY public.failed_jobs (id, uuid, connection, queue, payload, exception, failed_at) FROM stdin;
\.


--
-- TOC entry 5033 (class 0 OID 25653)
-- Dependencies: 227
-- Data for Name: job_batches; Type: TABLE DATA; Schema: public; Owner: postgres
--

COPY public.job_batches (id, name, total_jobs, pending_jobs, failed_jobs, failed_job_ids, options, cancelled_at, created_at, finished_at) FROM stdin;
\.


--
-- TOC entry 5032 (class 0 OID 25644)
-- Dependencies: 226
-- Data for Name: jobs; Type: TABLE DATA; Schema: public; Owner: postgres
--

COPY public.jobs (id, queue, payload, attempts, reserved_at, available_at, created_at) FROM stdin;
\.


--
-- TOC entry 5024 (class 0 OID 25594)
-- Dependencies: 218
-- Data for Name: migrations; Type: TABLE DATA; Schema: public; Owner: postgres
--

COPY public.migrations (id, migration, batch) FROM stdin;
1	0001_01_01_000000_create_users_table	1
2	0001_01_01_000001_create_cache_table	1
3	0001_01_01_000002_create_jobs_table	1
4	2026_02_04_072458_add_role_to_users	1
5	2026_02_04_072735_create_categories_table	1
6	2026_02_04_073151_create_authors_table	1
7	2026_02_04_073335_create_books_table	1
8	2026_02_04_075101_create_orders_table	1
9	2026_02_04_075656_create_order_items_table	1
10	2026_02_04_080245_create_reviews_table	1
11	2026_02_04_124103_create_book_author_table	1
12	2026_02_04_132831_remove_author_in_books	1
13	2026_02_04_230929_rename_id_in_orders_table	1
14	2026_02_04_231023_rename_id_in_reviews_table	1
15	2026_02_04_233927_rename_book_author_table	1
\.


--
-- TOC entry 5045 (class 0 OID 25729)
-- Dependencies: 239
-- Data for Name: order_items; Type: TABLE DATA; Schema: public; Owner: postgres
--

COPY public.order_items (id, order_id, book_id, quantity, unit_price, created_at, updated_at) FROM stdin;
1	1	10	39	9291.90	2026-02-04 23:44:57	2026-02-04 23:44:57
2	1	7	14	5211.55	2026-02-04 23:44:57	2026-02-04 23:44:57
3	1	23	25	1845.15	2026-02-04 23:44:57	2026-02-04 23:44:57
4	2	25	9	4601.60	2026-02-04 23:44:57	2026-02-04 23:44:57
5	2	32	94	5471.17	2026-02-04 23:44:57	2026-02-04 23:44:57
6	2	38	93	8734.06	2026-02-04 23:44:57	2026-02-04 23:44:57
7	3	4	60	5075.71	2026-02-04 23:44:57	2026-02-04 23:44:57
8	3	21	100	6839.91	2026-02-04 23:44:57	2026-02-04 23:44:57
9	4	19	87	8307.74	2026-02-04 23:44:58	2026-02-04 23:44:58
10	4	29	37	880.31	2026-02-04 23:44:58	2026-02-04 23:44:58
11	4	39	74	5773.11	2026-02-04 23:44:58	2026-02-04 23:44:58
12	5	2	34	2315.43	2026-02-04 23:44:58	2026-02-04 23:44:58
13	5	26	9	9461.58	2026-02-04 23:44:58	2026-02-04 23:44:58
14	6	36	22	823.26	2026-02-04 23:44:58	2026-02-04 23:44:58
15	6	16	49	2922.73	2026-02-04 23:44:58	2026-02-04 23:44:58
16	7	28	44	6911.55	2026-02-04 23:44:59	2026-02-04 23:44:59
17	7	35	69	7733.06	2026-02-04 23:44:59	2026-02-04 23:44:59
18	8	20	20	2484.43	2026-02-04 23:44:59	2026-02-04 23:44:59
19	8	4	15	7382.20	2026-02-04 23:44:59	2026-02-04 23:44:59
20	9	17	99	4359.09	2026-02-04 23:44:59	2026-02-04 23:44:59
21	9	32	69	9881.24	2026-02-04 23:44:59	2026-02-04 23:44:59
22	9	2	24	7281.98	2026-02-04 23:44:59	2026-02-04 23:44:59
23	9	25	30	6946.12	2026-02-04 23:44:59	2026-02-04 23:44:59
24	10	20	89	6070.40	2026-02-04 23:44:59	2026-02-04 23:44:59
25	10	3	65	4018.38	2026-02-04 23:44:59	2026-02-04 23:44:59
26	10	12	92	9815.39	2026-02-04 23:44:59	2026-02-04 23:44:59
27	11	14	8	6440.23	2026-02-04 23:45:00	2026-02-04 23:45:00
28	11	40	77	4141.34	2026-02-04 23:45:00	2026-02-04 23:45:00
29	12	4	13	4323.41	2026-02-04 23:45:00	2026-02-04 23:45:00
30	12	39	61	9370.46	2026-02-04 23:45:00	2026-02-04 23:45:00
31	12	24	41	4695.61	2026-02-04 23:45:00	2026-02-04 23:45:00
32	12	28	44	5318.58	2026-02-04 23:45:00	2026-02-04 23:45:00
33	12	13	73	1983.79	2026-02-04 23:45:00	2026-02-04 23:45:00
34	13	11	18	1083.92	2026-02-04 23:45:01	2026-02-04 23:45:01
35	13	33	61	1874.86	2026-02-04 23:45:01	2026-02-04 23:45:01
36	13	29	88	6350.07	2026-02-04 23:45:01	2026-02-04 23:45:01
37	14	40	2	3360.22	2026-02-04 23:45:01	2026-02-04 23:45:01
38	14	27	22	6004.28	2026-02-04 23:45:01	2026-02-04 23:45:01
39	14	3	87	8230.94	2026-02-04 23:45:01	2026-02-04 23:45:01
40	14	24	7	3234.88	2026-02-04 23:45:01	2026-02-04 23:45:01
41	14	19	58	7632.40	2026-02-04 23:45:01	2026-02-04 23:45:01
42	15	18	46	7480.84	2026-02-04 23:45:01	2026-02-04 23:45:01
43	15	8	96	5031.80	2026-02-04 23:45:01	2026-02-04 23:45:01
44	15	3	45	7205.49	2026-02-04 23:45:01	2026-02-04 23:45:01
45	15	31	71	4590.94	2026-02-04 23:45:01	2026-02-04 23:45:01
46	15	9	64	1234.45	2026-02-04 23:45:01	2026-02-04 23:45:01
47	16	14	57	8800.08	2026-02-04 23:45:02	2026-02-04 23:45:02
48	16	30	99	4622.12	2026-02-04 23:45:02	2026-02-04 23:45:02
49	16	1	34	6319.50	2026-02-04 23:45:02	2026-02-04 23:45:02
50	16	39	55	1871.89	2026-02-04 23:45:02	2026-02-04 23:45:02
51	17	40	30	3486.24	2026-02-04 23:45:02	2026-02-04 23:45:02
52	17	21	7	9002.15	2026-02-04 23:45:02	2026-02-04 23:45:02
53	17	31	24	3600.43	2026-02-04 23:45:02	2026-02-04 23:45:02
54	18	8	96	6211.24	2026-02-04 23:45:02	2026-02-04 23:45:02
55	18	28	42	2997.29	2026-02-04 23:45:02	2026-02-04 23:45:02
56	18	22	27	8906.80	2026-02-04 23:45:02	2026-02-04 23:45:02
57	18	40	81	5129.20	2026-02-04 23:45:02	2026-02-04 23:45:02
58	18	5	36	6464.92	2026-02-04 23:45:02	2026-02-04 23:45:02
59	19	6	46	3257.95	2026-02-04 23:45:02	2026-02-04 23:45:02
60	19	36	94	3343.56	2026-02-04 23:45:02	2026-02-04 23:45:02
61	19	5	4	9428.22	2026-02-04 23:45:02	2026-02-04 23:45:02
62	19	9	27	7114.78	2026-02-04 23:45:02	2026-02-04 23:45:02
63	20	26	8	7974.35	2026-02-04 23:45:03	2026-02-04 23:45:03
64	20	31	33	6939.59	2026-02-04 23:45:03	2026-02-04 23:45:03
65	20	19	80	3434.97	2026-02-04 23:45:03	2026-02-04 23:45:03
66	21	22	48	530.75	2026-02-04 23:45:03	2026-02-04 23:45:03
67	21	10	87	6324.77	2026-02-04 23:45:03	2026-02-04 23:45:03
68	21	38	86	2146.09	2026-02-04 23:45:03	2026-02-04 23:45:03
69	21	30	94	2063.63	2026-02-04 23:45:03	2026-02-04 23:45:03
70	21	24	35	8851.45	2026-02-04 23:45:03	2026-02-04 23:45:03
71	22	23	67	5910.62	2026-02-04 23:45:03	2026-02-04 23:45:03
72	22	28	17	3035.56	2026-02-04 23:45:03	2026-02-04 23:45:03
73	23	25	24	5073.76	2026-02-04 23:45:04	2026-02-04 23:45:04
74	23	6	76	302.55	2026-02-04 23:45:04	2026-02-04 23:45:04
75	23	26	69	7250.77	2026-02-04 23:45:04	2026-02-04 23:45:04
76	23	38	60	7292.32	2026-02-04 23:45:04	2026-02-04 23:45:04
77	24	40	18	5210.80	2026-02-04 23:45:05	2026-02-04 23:45:05
78	24	4	91	9902.64	2026-02-04 23:45:05	2026-02-04 23:45:05
79	24	17	95	2017.42	2026-02-04 23:45:05	2026-02-04 23:45:05
80	25	1	13	5337.47	2026-02-04 23:45:05	2026-02-04 23:45:05
81	25	27	75	4898.02	2026-02-04 23:45:05	2026-02-04 23:45:05
82	25	34	91	5386.56	2026-02-04 23:45:05	2026-02-04 23:45:05
83	25	29	77	2216.81	2026-02-04 23:45:05	2026-02-04 23:45:05
84	26	26	52	5907.76	2026-02-04 23:45:05	2026-02-04 23:45:05
85	26	24	1	9739.95	2026-02-04 23:45:05	2026-02-04 23:45:05
86	27	5	4	1661.15	2026-02-04 23:45:05	2026-02-04 23:45:05
87	27	13	79	5630.04	2026-02-04 23:45:05	2026-02-04 23:45:05
88	28	24	31	2992.45	2026-02-04 23:45:06	2026-02-04 23:45:06
89	28	34	24	8588.71	2026-02-04 23:45:06	2026-02-04 23:45:06
90	28	17	99	4362.54	2026-02-04 23:45:06	2026-02-04 23:45:06
91	28	5	29	1883.80	2026-02-04 23:45:06	2026-02-04 23:45:06
92	29	16	36	262.78	2026-02-04 23:45:06	2026-02-04 23:45:06
93	29	17	48	4346.94	2026-02-04 23:45:06	2026-02-04 23:45:06
94	30	23	5	935.45	2026-02-04 23:45:06	2026-02-04 23:45:06
95	30	22	82	1222.33	2026-02-04 23:45:06	2026-02-04 23:45:06
96	30	38	16	5082.96	2026-02-04 23:45:06	2026-02-04 23:45:06
97	31	8	97	2373.59	2026-02-04 23:45:07	2026-02-04 23:45:07
98	31	30	6	3285.85	2026-02-04 23:45:07	2026-02-04 23:45:07
99	31	39	49	8765.58	2026-02-04 23:45:07	2026-02-04 23:45:07
100	31	12	25	693.55	2026-02-04 23:45:07	2026-02-04 23:45:07
101	31	11	35	5198.85	2026-02-04 23:45:07	2026-02-04 23:45:07
102	32	29	69	5190.04	2026-02-04 23:45:07	2026-02-04 23:45:07
103	32	34	6	6464.33	2026-02-04 23:45:07	2026-02-04 23:45:07
104	33	9	17	6947.66	2026-02-04 23:45:07	2026-02-04 23:45:07
105	33	14	87	2047.94	2026-02-04 23:45:07	2026-02-04 23:45:07
106	34	1	12	4722.82	2026-02-04 23:45:07	2026-02-04 23:45:07
107	34	12	28	516.15	2026-02-04 23:45:07	2026-02-04 23:45:07
108	34	38	90	4557.45	2026-02-04 23:45:07	2026-02-04 23:45:07
109	34	16	58	4141.97	2026-02-04 23:45:07	2026-02-04 23:45:07
\.


--
-- TOC entry 5043 (class 0 OID 25715)
-- Dependencies: 237
-- Data for Name: orders; Type: TABLE DATA; Schema: public; Owner: postgres
--

COPY public.orders (id, customer_id, total_amount, status, created_at, updated_at) FROM stdin;
1	2	26350690.00	completed	2026-02-04 23:44:56	2026-02-04 23:44:56
2	2	1.54	processing	2026-02-04 23:44:56	2026-02-04 23:44:56
3	2	1.94	processing	2026-02-04 23:44:56	2026-02-04 23:44:56
4	3	4.09	pending	2026-02-04 23:44:58	2026-02-04 23:44:58
5	3	644.91	pending	2026-02-04 23:44:58	2026-02-04 23:44:58
6	3	12398349.17	completed	2026-02-04 23:44:58	2026-02-04 23:44:58
7	4	9.16	completed	2026-02-04 23:44:59	2026-02-04 23:44:59
8	4	38142860.51	processing	2026-02-04 23:44:59	2026-02-04 23:44:59
9	4	1494.02	cancelled	2026-02-04 23:44:59	2026-02-04 23:44:59
10	4	5.10	pending	2026-02-04 23:44:59	2026-02-04 23:44:59
11	5	37572.26	cancelled	2026-02-04 23:45:00	2026-02-04 23:45:00
12	5	16.56	completed	2026-02-04 23:45:00	2026-02-04 23:45:00
13	6	0.80	pending	2026-02-04 23:45:01	2026-02-04 23:45:01
14	6	73.65	completed	2026-02-04 23:45:01	2026-02-04 23:45:01
15	6	6.62	pending	2026-02-04 23:45:01	2026-02-04 23:45:01
16	7	657914.35	processing	2026-02-04 23:45:02	2026-02-04 23:45:02
17	7	35.75	pending	2026-02-04 23:45:02	2026-02-04 23:45:02
18	7	12.95	completed	2026-02-04 23:45:02	2026-02-04 23:45:02
19	7	47.33	cancelled	2026-02-04 23:45:02	2026-02-04 23:45:02
20	8	366.52	pending	2026-02-04 23:45:03	2026-02-04 23:45:03
21	8	393344.71	completed	2026-02-04 23:45:03	2026-02-04 23:45:03
22	8	0.00	cancelled	2026-02-04 23:45:03	2026-02-04 23:45:03
23	8	65941.34	completed	2026-02-04 23:45:03	2026-02-04 23:45:03
24	9	49349.78	pending	2026-02-04 23:45:04	2026-02-04 23:45:04
25	9	42996898.45	cancelled	2026-02-04 23:45:04	2026-02-04 23:45:04
26	9	58932.90	cancelled	2026-02-04 23:45:04	2026-02-04 23:45:04
27	9	374.49	completed	2026-02-04 23:45:04	2026-02-04 23:45:04
28	10	86124279.59	processing	2026-02-04 23:45:06	2026-02-04 23:45:06
29	10	2167484.45	pending	2026-02-04 23:45:06	2026-02-04 23:45:06
30	10	40952.42	cancelled	2026-02-04 23:45:06	2026-02-04 23:45:06
31	11	173444.95	pending	2026-02-04 23:45:07	2026-02-04 23:45:07
32	11	91761108.02	pending	2026-02-04 23:45:07	2026-02-04 23:45:07
33	11	863.00	cancelled	2026-02-04 23:45:07	2026-02-04 23:45:07
34	11	4347.82	completed	2026-02-04 23:45:07	2026-02-04 23:45:07
\.


--
-- TOC entry 5027 (class 0 OID 25611)
-- Dependencies: 221
-- Data for Name: password_reset_tokens; Type: TABLE DATA; Schema: public; Owner: postgres
--

COPY public.password_reset_tokens (email, token, created_at) FROM stdin;
\.


--
-- TOC entry 5047 (class 0 OID 25746)
-- Dependencies: 241
-- Data for Name: reviews; Type: TABLE DATA; Schema: public; Owner: postgres
--

COPY public.reviews (id, customer_id, book_id, rating, comment, created_at, updated_at) FROM stdin;
1	2	1	2	Reiciendis perferendis temporibus consequatur facere occaecati debitis. Error et harum alias nemo.	2026-02-04 23:44:56	2026-02-04 23:44:56
2	2	2	1	Nihil fuga consectetur eius quia sed perspiciatis perferendis. Et sunt omnis eum.	2026-02-04 23:44:56	2026-02-04 23:44:56
3	2	3	1	Temporibus aut ut laudantium rerum et dolor veniam. Culpa vel quas ea harum. Minus ut quis rerum ea neque quo placeat vel. Quo harum vero voluptatem voluptas quidem perspiciatis et. Ullam voluptas sunt aut culpa minima maiores non.	2026-02-04 23:44:56	2026-02-04 23:44:56
4	2	4	5	Sit occaecati aut qui rerum consequatur pariatur. Laboriosam ex laborum qui magnam voluptas est. Tempora ea ratione amet reiciendis iusto voluptatem aspernatur.	2026-02-04 23:44:56	2026-02-04 23:44:56
5	2	5	1	Nostrum itaque et tempore quos quibusdam modi voluptatem. Quia est reprehenderit suscipit porro aliquam tempore. Et qui culpa cum sint. Inventore voluptatem laborum cum qui sit minima eligendi est.	2026-02-04 23:44:56	2026-02-04 23:44:56
6	2	6	2	Et natus libero occaecati rerum tempora et. Sed expedita eos earum accusantium atque aut eum. Eum et ea quod et ea possimus est.	2026-02-04 23:44:56	2026-02-04 23:44:56
7	2	7	5	Ut et tempora asperiores reprehenderit labore saepe. Et est doloremque labore ullam iure quos omnis quidem. Commodi eos qui qui eos magnam repellat.	2026-02-04 23:44:56	2026-02-04 23:44:56
8	2	8	1	Et excepturi quia quia consequatur qui voluptatibus non neque. Magni iste corporis vel eveniet quasi sapiente molestias. Omnis blanditiis omnis autem dolorem dolorum quam ea. Laudantium dolor non voluptatem placeat.	2026-02-04 23:44:56	2026-02-04 23:44:56
9	2	9	4	Eius autem deleniti ut amet eum consequatur. A odit officiis ipsa reiciendis est quam. Deserunt ut et est adipisci. Recusandae vero ea dolores occaecati nesciunt aliquam.	2026-02-04 23:44:56	2026-02-04 23:44:56
10	2	10	4	Dolor ad non eligendi voluptatibus incidunt. Quibusdam tenetur in accusamus eligendi ipsam. Nemo delectus sit autem quisquam expedita aut. Soluta ut eos voluptatem maiores.	2026-02-04 23:44:56	2026-02-04 23:44:56
11	2	11	4	Alias iure ab in consequuntur dolores quisquam. Dolor ut deserunt est necessitatibus. Molestiae velit sapiente reiciendis voluptatum. Sint corporis qui laudantium ad cumque. Placeat eum qui est aliquid quas.	2026-02-04 23:44:56	2026-02-04 23:44:56
12	2	12	1	Placeat minima similique inventore voluptates voluptas sit praesentium tempora. Saepe id reiciendis voluptatibus nihil eos sequi. Et quod minima in non voluptatem voluptas nisi iusto. Ut et eius iusto.	2026-02-04 23:44:56	2026-02-04 23:44:56
13	2	13	2	Velit ut sunt et saepe ducimus. Repellendus vel quaerat et et et aut. Quo autem voluptas doloremque perspiciatis.	2026-02-04 23:44:56	2026-02-04 23:44:56
14	2	14	1	Repellat tempore a voluptatem cumque quis earum qui. Voluptatem laboriosam veritatis beatae aut qui quod nesciunt. Amet voluptatem quidem aut. Magni quia dolores quibusdam sit.	2026-02-04 23:44:56	2026-02-04 23:44:56
15	2	15	4	Et officiis quasi dolor dolorem voluptate mollitia unde. Amet laudantium ut repudiandae sunt tempora illo. In ea ad sapiente nam quia eaque. Accusantium quis in eaque non saepe nihil.	2026-02-04 23:44:56	2026-02-04 23:44:56
16	2	16	2	Iusto nihil vero placeat dignissimos voluptatibus qui. Dicta quidem possimus neque vel quia est eos. Dolorem accusantium modi similique. Deleniti blanditiis eligendi quas dolorem alias molestias nobis inventore.	2026-02-04 23:44:56	2026-02-04 23:44:56
17	2	17	5	Dolorum dolorem repudiandae cumque voluptatem sunt. Rem nisi nam sit totam saepe dignissimos. Dolores ipsum quos dolor nostrum quae laudantium.	2026-02-04 23:44:56	2026-02-04 23:44:56
18	2	18	5	Expedita iure alias et. Ex quod saepe quia. Corrupti maxime aut dolorum eligendi est rerum praesentium. Aut et qui quaerat soluta.	2026-02-04 23:44:56	2026-02-04 23:44:56
19	2	19	5	Possimus alias quis rerum dolore consequatur maiores dolorem. Repellat ut ipsum ipsam recusandae id debitis omnis. Omnis dolores fugit delectus dignissimos voluptatem.	2026-02-04 23:44:56	2026-02-04 23:44:56
20	2	20	2	Voluptatem omnis impedit dolore omnis sint nihil quo. Id eos animi sint dolorem. Nihil labore dignissimos perspiciatis repellat placeat aliquid perspiciatis.	2026-02-04 23:44:56	2026-02-04 23:44:56
21	2	21	2	Quisquam ea ab nesciunt illum. In aut provident dolorem a delectus. Non blanditiis qui illum mollitia animi vel tenetur libero. Magnam rerum labore perspiciatis.	2026-02-04 23:44:56	2026-02-04 23:44:56
22	2	22	5	Aut minus a adipisci laudantium. Commodi rerum mollitia non exercitationem est vero.	2026-02-04 23:44:56	2026-02-04 23:44:56
23	2	23	2	Sed provident omnis quia recusandae. Suscipit et illo ducimus qui molestiae. Et assumenda voluptates et ex et. Consequatur asperiores minima ut eum optio necessitatibus.	2026-02-04 23:44:56	2026-02-04 23:44:56
24	2	24	3	Ut officia possimus assumenda eum voluptas aut aut. Repellendus incidunt voluptate expedita illum non voluptas nemo. Ipsa alias maiores quia suscipit. Adipisci aut quae debitis porro tenetur rerum est et.	2026-02-04 23:44:56	2026-02-04 23:44:56
25	2	25	2	Est et sint et id cumque odit. Non ratione voluptatem et ut libero magnam nemo aut. Possimus officia illum voluptate dolores. Ad sed quia sint et et non optio quo. Est doloremque dolor officia dicta exercitationem.	2026-02-04 23:44:56	2026-02-04 23:44:56
26	2	26	5	Et aut quo nobis laboriosam. Possimus quod et assumenda molestiae sunt itaque non. Alias itaque quia voluptatum quaerat rerum possimus.	2026-02-04 23:44:56	2026-02-04 23:44:56
27	2	27	5	Quia rerum qui tenetur perferendis perspiciatis adipisci odit. Eos iure quia aliquam error tenetur. Sapiente vel quo fugit. Alias labore quos dolor quisquam molestiae corrupti libero. Reiciendis ut in rerum consequatur ipsum.	2026-02-04 23:44:56	2026-02-04 23:44:56
28	2	28	3	Aliquam eum alias ut quas ipsa quasi sit sapiente. Deleniti autem quo quam dolores. Aut hic fuga aliquam.	2026-02-04 23:44:56	2026-02-04 23:44:56
29	2	29	5	Dolor ex soluta cumque id. Saepe corrupti voluptates ex dolore eaque aut delectus. Fuga aspernatur saepe exercitationem animi ipsa minima libero. Aut in soluta enim aut voluptates dolores voluptatem.	2026-02-04 23:44:56	2026-02-04 23:44:56
30	2	30	2	Tempore earum aut quis possimus. Pariatur commodi necessitatibus perferendis sunt incidunt et quia. Eius dicta laboriosam omnis. Voluptatem laudantium omnis illo temporibus numquam vel beatae voluptatem.	2026-02-04 23:44:56	2026-02-04 23:44:56
31	2	31	2	Quia consequatur voluptas est vel nihil amet eum. Saepe animi officiis quae quam. Eius voluptatem et doloribus dolorem eos ducimus. Ipsum hic beatae dolore et aliquid voluptas tenetur.	2026-02-04 23:44:56	2026-02-04 23:44:56
32	2	32	2	Mollitia dolor rerum ex velit quam. Nihil nisi sed quaerat autem minus eligendi error minus. Voluptatem rerum unde sed unde temporibus aspernatur.	2026-02-04 23:44:56	2026-02-04 23:44:56
33	2	33	3	Est deleniti repellat officiis quod. Autem perspiciatis quisquam voluptatem sint molestiae necessitatibus distinctio sed. Fugit vitae ut fuga in voluptatum.	2026-02-04 23:44:56	2026-02-04 23:44:56
34	2	34	4	Quo doloribus esse ut sint et debitis. Saepe deserunt aliquid recusandae saepe omnis iste. Ea voluptas temporibus iure placeat.	2026-02-04 23:44:56	2026-02-04 23:44:56
35	2	35	3	Dolor nisi aliquid necessitatibus est. Distinctio illum laboriosam omnis et ut. Earum quasi ut minus tempora ut consequatur molestias deleniti.	2026-02-04 23:44:56	2026-02-04 23:44:56
36	2	36	4	Et ipsam et sint nostrum molestiae quis. Et sed tempore sequi molestias quisquam nihil iste eos. Fugiat hic id similique quia optio.	2026-02-04 23:44:56	2026-02-04 23:44:56
37	2	37	3	Tenetur quasi est porro enim dolor enim. Non qui consequatur non voluptatum qui quia. Dicta ut expedita quas ut voluptates occaecati nihil reiciendis. Quis quia laudantium autem magnam voluptas.	2026-02-04 23:44:56	2026-02-04 23:44:56
38	2	38	1	Omnis ut cumque rerum veritatis. Tempore architecto error recusandae inventore quam voluptatem. Et et molestiae eius et. Est quam sed dolorem.	2026-02-04 23:44:56	2026-02-04 23:44:56
39	2	39	3	Et eum eaque facere vero. Quis cum eos aut beatae quia. Et quia magni voluptas numquam et. Rem et sed neque aut non alias fugit.	2026-02-04 23:44:56	2026-02-04 23:44:56
40	2	40	2	Illum enim et nihil error explicabo voluptates vel. Ex in officiis magni et nisi. Iure in quod voluptates ratione aliquid accusamus tempore. Est dolor consequatur incidunt.	2026-02-04 23:44:56	2026-02-04 23:44:56
41	3	1	1	Et id id aliquid nulla adipisci ut. Sed nemo est similique est ipsam voluptas hic. Eum ullam voluptatibus voluptatem occaecati corrupti voluptas alias. Maxime ut accusantium asperiores aut numquam porro.	2026-02-04 23:44:57	2026-02-04 23:44:57
42	3	2	5	Atque tempora veniam architecto et id aliquid. Non dignissimos eum quia illum laboriosam placeat commodi voluptatum. Accusantium quod veniam possimus cumque aut. Deleniti aut sit id.	2026-02-04 23:44:57	2026-02-04 23:44:57
43	3	3	1	Dolores quia ut repudiandae totam rerum. Ab non vitae molestiae ad in. Accusantium autem ut rem voluptate ut ut cupiditate. Distinctio alias tempore aliquid.	2026-02-04 23:44:57	2026-02-04 23:44:57
44	3	4	5	Quidem sint quibusdam qui molestias. Repudiandae esse molestiae distinctio hic. Alias voluptatem ut cum molestias aut officia repellendus.	2026-02-04 23:44:57	2026-02-04 23:44:57
45	3	5	4	Dolore est minima nulla eum voluptates. Occaecati qui consequuntur voluptatem quo dolorem quasi recusandae. Similique et veniam rerum aut. Dolores ipsum consequatur aut dolore.	2026-02-04 23:44:57	2026-02-04 23:44:57
46	3	6	3	Deleniti facilis nulla alias. Autem beatae corporis architecto deleniti temporibus. Voluptas fuga quia distinctio eos possimus. Laboriosam eius non et qui nesciunt expedita.	2026-02-04 23:44:57	2026-02-04 23:44:57
47	3	7	2	Illo sed et et voluptatem aut rerum quia consectetur. Molestiae voluptate rerum eum dolor. Aspernatur aut tempore est hic autem voluptatem blanditiis.	2026-02-04 23:44:57	2026-02-04 23:44:57
48	3	8	5	Veritatis possimus quis suscipit rerum doloremque et dolorum. Fugit in quaerat sit enim. Ut molestiae qui qui aut assumenda. Excepturi qui quaerat aspernatur magni quia.	2026-02-04 23:44:57	2026-02-04 23:44:57
49	3	9	2	Aut vel similique sit. Non eius maxime quasi est corrupti delectus. Ut saepe ut suscipit nesciunt natus dolore.	2026-02-04 23:44:57	2026-02-04 23:44:57
50	3	10	5	Recusandae aut animi voluptas tenetur labore quidem sit. Quam maxime et consequuntur sint. Facere illum amet facere neque aut eaque aliquid odit. Recusandae et est libero exercitationem inventore.	2026-02-04 23:44:57	2026-02-04 23:44:57
51	3	11	3	Vel tempore non unde iusto ad fuga neque. Adipisci aperiam sed ullam asperiores dolorem et asperiores. Perspiciatis sit aperiam ipsa dolore repudiandae totam sed quaerat. Sunt ducimus aperiam eius sed aut numquam. Voluptatem laboriosam fugiat cum aut sint et.	2026-02-04 23:44:57	2026-02-04 23:44:57
52	3	12	3	Qui nesciunt sint blanditiis amet unde dolores reiciendis. Voluptas eligendi non quasi et dolorem repudiandae dolores qui. Fugit necessitatibus est illo quas ratione dolorem. Voluptatem dicta tempore assumenda reprehenderit porro eos voluptatem.	2026-02-04 23:44:57	2026-02-04 23:44:57
53	3	13	5	Sint odio quia at dicta dolores culpa. Et voluptas aut sunt necessitatibus temporibus corporis. Nihil possimus sit eaque et fugit voluptas.	2026-02-04 23:44:57	2026-02-04 23:44:57
54	3	14	2	Eius quia rerum ab non. Repudiandae itaque consequuntur dolor sequi nulla facilis qui. Quia inventore voluptatum non dolores occaecati deleniti enim. Corporis deleniti perspiciatis quis consequatur assumenda ipsam.	2026-02-04 23:44:57	2026-02-04 23:44:57
55	3	15	3	Excepturi expedita et in a vero cupiditate. Et quod tenetur explicabo aut labore minus delectus. Molestiae dolor nemo id inventore asperiores. Debitis dolore explicabo ut inventore voluptatem.	2026-02-04 23:44:57	2026-02-04 23:44:57
56	3	16	1	Quisquam sed sit omnis fugiat rerum non. Vel esse ullam adipisci. Assumenda et nihil ut quasi officia ut voluptas tempora.	2026-02-04 23:44:57	2026-02-04 23:44:57
57	3	17	1	Et doloribus provident sint excepturi rem aut veritatis. Mollitia error quo vel omnis quia dolorem. Et corporis molestiae sit quibusdam eos. Sint quibusdam architecto deserunt dolor quasi et dolor.	2026-02-04 23:44:57	2026-02-04 23:44:57
58	3	18	1	Non voluptatem fugit nisi dicta. Sint amet cupiditate aut delectus doloribus qui. Ab maxime ut distinctio odit.	2026-02-04 23:44:57	2026-02-04 23:44:57
59	3	19	3	Eaque consequatur suscipit perspiciatis eveniet optio rerum minima. Quia aliquam ut id. Accusantium autem similique nobis molestiae nostrum fugit.	2026-02-04 23:44:57	2026-02-04 23:44:57
60	3	20	3	Magnam qui ut repellendus libero eum iusto aut doloribus. Sint fugiat unde sed illum autem id in qui. Aut impedit quibusdam consectetur repellat. Praesentium unde voluptas amet quis molestiae.	2026-02-04 23:44:57	2026-02-04 23:44:57
61	3	21	1	Quia magni occaecati qui aut tenetur. Eius harum et rerum rerum qui odio ut. Ut quaerat quia delectus dolore. Reprehenderit est quia quia voluptatem totam.	2026-02-04 23:44:57	2026-02-04 23:44:57
62	3	22	3	Vero saepe perspiciatis explicabo praesentium a voluptatibus. Commodi est eos magni quasi praesentium. Voluptas et aut perferendis quaerat aperiam. Dolor qui in sequi.	2026-02-04 23:44:57	2026-02-04 23:44:57
63	3	23	2	Nisi asperiores occaecati cum id debitis ut et. Illo ullam aut et eos recusandae aliquid ut quia. Corrupti veritatis illo atque doloremque numquam laboriosam maxime. Ut et et iste excepturi. Aliquam illo sed consequuntur.	2026-02-04 23:44:57	2026-02-04 23:44:57
64	3	24	3	Voluptatem velit culpa minus quae. Quo voluptas libero exercitationem omnis vitae labore. Qui dolor dolores quaerat.	2026-02-04 23:44:57	2026-02-04 23:44:57
65	3	25	5	Repellendus totam ex labore odio quod et labore. Magni ut nihil inventore sunt quibusdam quis. Nobis sunt id tempore commodi id ut.	2026-02-04 23:44:57	2026-02-04 23:44:57
66	3	26	4	Atque mollitia recusandae optio. Asperiores labore ex sed modi eius consequuntur sed. Iure cupiditate neque eum nulla.	2026-02-04 23:44:57	2026-02-04 23:44:57
67	3	27	3	Autem laboriosam sit earum sed. Ut consequatur molestiae facere sint voluptas.	2026-02-04 23:44:57	2026-02-04 23:44:57
68	3	28	2	Perferendis debitis officia quam aperiam. Sequi dignissimos dolor ut dignissimos. Non quo dolor illum similique non est. Aut debitis eveniet quos natus.	2026-02-04 23:44:57	2026-02-04 23:44:57
69	3	29	1	Vero in ut voluptas a in aut omnis. Sed libero doloribus rem sit. Voluptates corrupti et dolorem voluptatibus qui libero. Est ea cumque unde cum dignissimos sit dolores dolores.	2026-02-04 23:44:57	2026-02-04 23:44:57
70	3	30	3	Ducimus eum unde fuga. Iste quo consectetur et optio doloribus quia eum ducimus. Vitae et incidunt aliquam libero soluta. Atque dolorem odio molestiae nihil.	2026-02-04 23:44:57	2026-02-04 23:44:57
71	3	31	1	Facere aut molestiae optio a provident nobis veritatis. Aspernatur aliquid porro deserunt assumenda voluptatem. Dolores qui ut voluptate sapiente. Totam suscipit corporis voluptas similique omnis et blanditiis.	2026-02-04 23:44:57	2026-02-04 23:44:57
72	3	32	4	Est earum qui facilis et quia. Et aliquam ut placeat labore voluptatibus libero. Quia enim repellat quia nobis ullam ea dolor. Aspernatur quia minus sed sunt.	2026-02-04 23:44:57	2026-02-04 23:44:57
73	3	33	3	Quas consectetur magni dolorem excepturi enim vitae sit nihil. Dolores ad omnis eligendi quos placeat ipsa officia. Odit labore quis consequatur perspiciatis cum.	2026-02-04 23:44:57	2026-02-04 23:44:57
74	3	34	2	Mollitia enim repellat nesciunt quia et dolorum modi. Perferendis dolorem ut odit et reprehenderit qui. Suscipit et quasi sit cum.	2026-02-04 23:44:57	2026-02-04 23:44:57
75	3	35	3	Nisi at ut accusantium rerum est aliquam non. Quia eveniet iure recusandae accusantium occaecati quam. Error ut fuga ut nam. Et eaque consequatur numquam deserunt laudantium.	2026-02-04 23:44:57	2026-02-04 23:44:57
76	3	36	3	Aperiam qui voluptatibus vel non. Dolor quia est hic sunt placeat ad rerum. Aperiam nemo et quibusdam ipsa.	2026-02-04 23:44:57	2026-02-04 23:44:57
77	3	37	3	Dolorem magnam quia recusandae aut. Aut asperiores ratione libero et aut qui. Consequatur dolores vero provident autem sit sunt in.	2026-02-04 23:44:57	2026-02-04 23:44:57
78	3	38	2	Quae molestiae nihil perferendis deserunt. Voluptas explicabo id facilis eligendi quia facere. Iste blanditiis non est totam quisquam minima sunt.	2026-02-04 23:44:57	2026-02-04 23:44:57
79	3	39	4	In illum optio quis omnis voluptate temporibus aliquam. Mollitia esse qui nostrum eum. Similique molestiae et qui eaque. Quo nobis atque sit et est facere hic esse.	2026-02-04 23:44:58	2026-02-04 23:44:58
80	3	40	3	Consequatur eaque quia quasi perferendis saepe. Ipsum quo et suscipit reiciendis dignissimos. Ipsam voluptas est in.	2026-02-04 23:44:58	2026-02-04 23:44:58
81	4	1	3	Voluptatibus nihil earum expedita et. Id id magnam odio accusamus dolores. Totam incidunt inventore et quia mollitia. Cumque deleniti accusamus delectus dolorum.	2026-02-04 23:44:58	2026-02-04 23:44:58
82	4	2	4	Quasi voluptatem aut est impedit tenetur voluptatem. In ipsam et voluptatem et laboriosam.	2026-02-04 23:44:58	2026-02-04 23:44:58
83	4	3	1	Nam excepturi odit voluptatem voluptates libero quia explicabo quis. Optio occaecati cum fugit nam sit. Qui nihil asperiores saepe eveniet ea beatae. Est vero assumenda sint laborum consequuntur quas consequatur non.	2026-02-04 23:44:58	2026-02-04 23:44:58
84	4	4	2	Voluptas excepturi iusto voluptates ut nihil. Dicta voluptatem magni et adipisci eveniet. Quia esse laudantium quia dolores dolorem. Quia quia ad iste corporis.	2026-02-04 23:44:58	2026-02-04 23:44:58
85	4	5	3	Eveniet veritatis mollitia aspernatur et non qui dolor nisi. Officiis dicta ut cupiditate. Dolore aliquid quis aut hic.	2026-02-04 23:44:58	2026-02-04 23:44:58
86	4	6	3	Quae enim quae reprehenderit deleniti vel. Quia incidunt vitae enim voluptatum. Voluptatibus porro dolores dignissimos totam doloremque deserunt ut. Neque totam laudantium excepturi qui enim officia qui totam.	2026-02-04 23:44:58	2026-02-04 23:44:58
87	4	7	2	Et voluptatem placeat corrupti est aut voluptates. Sunt omnis quibusdam laboriosam voluptatibus deleniti. Voluptate nobis et aut sed. Voluptatum adipisci distinctio voluptas quia natus ullam.	2026-02-04 23:44:58	2026-02-04 23:44:58
88	4	8	3	Incidunt magni enim sed voluptatem. Accusamus placeat quod officia molestias facilis corporis. Occaecati vel accusantium sapiente debitis et.	2026-02-04 23:44:58	2026-02-04 23:44:58
89	4	9	5	Voluptates molestiae in harum eveniet dolore. Deserunt inventore exercitationem suscipit iusto nihil tempore.	2026-02-04 23:44:58	2026-02-04 23:44:58
90	4	10	3	Sit qui et sed qui illum ipsum sunt. Iure quos autem molestias cum dignissimos voluptas hic. Molestiae quis dignissimos dolores architecto ea qui sit.	2026-02-04 23:44:58	2026-02-04 23:44:58
91	4	11	4	Nemo cum dolorem et et laudantium. Qui magni ducimus reiciendis qui commodi officiis.	2026-02-04 23:44:58	2026-02-04 23:44:58
92	4	12	2	Dicta iure dicta reiciendis magni deserunt deserunt. Blanditiis vel minus ea autem sapiente qui et. Quaerat et beatae ad rerum voluptas. Ratione et aut neque aspernatur accusamus.	2026-02-04 23:44:58	2026-02-04 23:44:58
93	4	13	1	Quos magni sunt fuga eum voluptatibus sint. Ipsam quia quisquam et quasi commodi praesentium. Necessitatibus ut fugiat id aut.	2026-02-04 23:44:58	2026-02-04 23:44:58
94	4	14	3	Aut ducimus rerum reiciendis odit doloremque ut ullam. Facere consequatur harum odit et non sed dignissimos repellat. Placeat blanditiis minus possimus ut earum nesciunt ut.	2026-02-04 23:44:58	2026-02-04 23:44:58
95	4	15	4	Aut eos ex quod perferendis voluptatibus. Tenetur sint enim veniam expedita ea. Voluptas eveniet debitis dolore aspernatur totam quos placeat. Aut provident et debitis qui doloribus enim.	2026-02-04 23:44:58	2026-02-04 23:44:58
96	4	16	1	Animi odit cumque eum reiciendis atque ut. Maxime veritatis necessitatibus a modi ut minima. Pariatur id voluptate id dolor doloremque voluptatum sunt. Officia debitis et fuga labore quis sed eaque.	2026-02-04 23:44:58	2026-02-04 23:44:58
97	4	17	5	Non dignissimos et sed quod delectus cum. Aliquam fugit at consequatur quia fuga et.	2026-02-04 23:44:58	2026-02-04 23:44:58
98	4	18	1	Vero voluptas est saepe. Ipsum eum et autem aut. Porro hic omnis molestiae nisi est. Et non maiores laboriosam et nam qui a aliquid.	2026-02-04 23:44:58	2026-02-04 23:44:58
99	4	19	5	Et doloribus id ullam sit quis repellat quasi aut. Aut qui eveniet atque voluptates. Quas numquam tempore animi architecto. Blanditiis sed quasi praesentium maiores architecto.	2026-02-04 23:44:58	2026-02-04 23:44:58
100	4	20	1	Culpa at ut fuga asperiores natus commodi. Quia quis quis perspiciatis et aut consectetur. Non labore sed aspernatur omnis nemo. Numquam sed rerum suscipit sed voluptatibus voluptatem cupiditate.	2026-02-04 23:44:58	2026-02-04 23:44:58
101	4	21	2	Sed id facilis voluptatum excepturi dolor autem. Necessitatibus ab neque voluptatibus pariatur voluptatem voluptas ipsa. Iusto corporis quaerat autem nesciunt asperiores et molestias.	2026-02-04 23:44:58	2026-02-04 23:44:58
135	5	15	1	Animi aut quia reiciendis molestiae hic esse quis. At esse culpa eius et sed unde eius iusto. Fuga rerum voluptatem temporibus repudiandae totam suscipit.	2026-02-04 23:44:59	2026-02-04 23:44:59
102	4	22	4	Ullam nihil voluptate perferendis nam. Voluptatem porro dolores suscipit et autem consectetur velit quisquam. Iusto atque voluptate quaerat et soluta. Consequatur labore dolor tempora magnam vel aut et.	2026-02-04 23:44:58	2026-02-04 23:44:58
103	4	23	1	Dolore nihil voluptatum qui blanditiis nobis. Ullam iusto quod consequatur tempora. Enim doloribus tempore deleniti itaque deserunt.	2026-02-04 23:44:58	2026-02-04 23:44:58
104	4	24	5	Libero rerum id aut eum natus ea fuga. Quae nihil et aliquam temporibus commodi aspernatur. Iusto sed est consequuntur vel voluptas.	2026-02-04 23:44:58	2026-02-04 23:44:58
105	4	25	1	Alias et autem amet aliquid maiores. Qui et voluptatem est blanditiis et libero corrupti omnis.	2026-02-04 23:44:58	2026-02-04 23:44:58
106	4	26	4	Vitae iste accusantium est excepturi architecto ea neque. Impedit recusandae voluptatem aspernatur dolore voluptatibus cum voluptatem. Non nemo sunt alias. Eligendi rerum officia pariatur aut repellendus.	2026-02-04 23:44:58	2026-02-04 23:44:58
107	4	27	5	Minus aut rerum dignissimos non illum. Ut laudantium doloremque enim et veritatis nobis. Aliquid nobis nam voluptatem animi.	2026-02-04 23:44:58	2026-02-04 23:44:58
108	4	28	3	Qui qui optio similique eius voluptatem et. Deleniti qui quia possimus fugiat consequatur consequatur architecto. Est aut hic accusantium quia dolores quos.	2026-02-04 23:44:58	2026-02-04 23:44:58
109	4	29	1	Et possimus suscipit quaerat omnis aut nulla vel. Alias eum cumque porro nisi. Enim et aut qui alias molestias. Expedita veniam iure dolor molestiae voluptatibus.	2026-02-04 23:44:58	2026-02-04 23:44:58
110	4	30	2	Voluptas ipsam dolore nemo. Deleniti voluptate natus commodi corrupti. Esse provident vitae quae dolorem optio corrupti. Quos id quis odit ea sequi.	2026-02-04 23:44:58	2026-02-04 23:44:58
111	4	31	1	Tenetur mollitia error et ut est. Ut quae fuga impedit non rerum commodi iusto. Et aut consectetur ab omnis.	2026-02-04 23:44:58	2026-02-04 23:44:58
112	4	32	3	Consectetur et assumenda qui. Et assumenda ab pariatur enim tempore quasi sed eum. Porro dolores qui mollitia enim reiciendis ipsa. Impedit unde velit porro est et.	2026-02-04 23:44:58	2026-02-04 23:44:58
113	4	33	5	Delectus labore repellat fugit ut expedita quibusdam magnam sint. Eum dolorem non similique in qui voluptas. Impedit molestiae illo est fugit totam saepe quos quisquam. Voluptas reiciendis eaque et cupiditate.	2026-02-04 23:44:58	2026-02-04 23:44:58
114	4	34	1	Commodi asperiores consectetur harum et nam voluptatem dolorum. Illo et et rerum iusto suscipit qui. Inventore unde aut eos libero. Quasi aut quo nihil eaque.	2026-02-04 23:44:58	2026-02-04 23:44:58
115	4	35	2	Qui tenetur error repellendus. Corporis aut debitis ad eum. Voluptate voluptatem ratione autem consequuntur nobis vel. Quia non odit rem iste aut esse aut id. Sapiente molestiae voluptas eius distinctio assumenda est quas.	2026-02-04 23:44:58	2026-02-04 23:44:58
116	4	36	1	Neque qui perspiciatis nesciunt qui. Expedita sapiente non nostrum quod sit quisquam occaecati rem. Ea doloremque autem et velit perspiciatis.	2026-02-04 23:44:58	2026-02-04 23:44:58
117	4	37	4	Porro autem suscipit enim ab. Cupiditate natus doloremque et reiciendis distinctio deserunt. Corporis voluptatem nesciunt nihil aperiam in cupiditate iusto est. Necessitatibus reiciendis cum eum et et corrupti.	2026-02-04 23:44:59	2026-02-04 23:44:59
118	4	38	5	Facere libero id pariatur et ab maiores. Reiciendis voluptas facilis cum ad. Illum voluptatibus quam impedit laborum est quaerat provident.	2026-02-04 23:44:59	2026-02-04 23:44:59
119	4	39	4	Quia dolores molestiae dolor illum autem ut optio voluptatem. Voluptatem reiciendis non sit odit. Culpa aliquid dolor doloremque nobis nemo voluptas. Possimus animi eius voluptate tenetur qui rerum ea.	2026-02-04 23:44:59	2026-02-04 23:44:59
120	4	40	1	Repellat quis architecto autem temporibus. Et est velit quia tempore aperiam. Iure quae nostrum repellat.	2026-02-04 23:44:59	2026-02-04 23:44:59
121	5	1	3	Excepturi provident labore aut illo. Eligendi suscipit minus sed maiores perspiciatis sit. Voluptatem et assumenda dolorum architecto saepe enim fugit. Tenetur et tempore perferendis quibusdam voluptatem.	2026-02-04 23:44:59	2026-02-04 23:44:59
122	5	2	1	Consequuntur non illum et expedita. Pariatur exercitationem optio consequatur quo voluptatem. Quia sapiente occaecati ipsam et odio expedita tempore. Et est qui consequatur eveniet.	2026-02-04 23:44:59	2026-02-04 23:44:59
123	5	3	3	Non fugit explicabo ut vel laboriosam tenetur. Odio aliquam ea atque et error et quia id. Repellendus et quos temporibus ea eum. Aut et facilis repellat expedita molestiae.	2026-02-04 23:44:59	2026-02-04 23:44:59
124	5	4	5	Non quaerat doloremque fugiat dolores non corrupti. Dolorem eum accusantium illo quidem ratione nihil voluptas sed. Dicta necessitatibus eveniet ut autem. Repudiandae adipisci velit soluta est et delectus porro.	2026-02-04 23:44:59	2026-02-04 23:44:59
125	5	5	2	Cum id id eius incidunt quidem maxime. Consequatur est mollitia tenetur qui cumque tempora. Tenetur eos architecto nesciunt velit. Pariatur consequatur aut ipsa iusto non. Quaerat maiores soluta soluta neque incidunt sequi.	2026-02-04 23:44:59	2026-02-04 23:44:59
126	5	6	3	Omnis exercitationem nihil inventore. Laudantium ut praesentium labore autem. Adipisci similique vel similique.	2026-02-04 23:44:59	2026-02-04 23:44:59
127	5	7	3	Omnis dolor explicabo quia quae enim. Nobis eum error aspernatur aut est. Porro adipisci labore laboriosam explicabo repudiandae dignissimos ut. Eius labore officia est doloremque temporibus sunt.	2026-02-04 23:44:59	2026-02-04 23:44:59
128	5	8	5	Minus fugit aut laudantium. Sit debitis nihil possimus ad et ullam beatae. Accusamus eaque est quibusdam corrupti. Consequatur commodi velit aliquid aut. Explicabo voluptates est fugiat quasi nesciunt.	2026-02-04 23:44:59	2026-02-04 23:44:59
129	5	9	3	Deserunt omnis atque officia sit nam. Officia in temporibus quaerat eos. Ex ut voluptatum modi excepturi ut.	2026-02-04 23:44:59	2026-02-04 23:44:59
130	5	10	2	Vitae veritatis itaque id quia error est. Suscipit aut nihil provident tenetur. Distinctio eius vitae et quas laborum velit. Consectetur voluptatem autem eligendi perferendis illo quidem culpa.	2026-02-04 23:44:59	2026-02-04 23:44:59
131	5	11	4	Harum dolores voluptas dolores aut quam. Quae temporibus voluptates dolor est exercitationem. Eum veniam repudiandae omnis temporibus maxime. Illo qui enim illo esse.	2026-02-04 23:44:59	2026-02-04 23:44:59
132	5	12	5	Exercitationem in expedita corporis ab quis rerum odit. Repellendus rerum aut quia porro. Eos unde recusandae aspernatur id unde quis. Id debitis odit eum animi sed sit aliquam. Beatae aut veritatis corporis eligendi est rerum ratione ipsum.	2026-02-04 23:44:59	2026-02-04 23:44:59
133	5	13	1	Voluptatem iste quis vel itaque. Sint totam magni pariatur eius. Optio veritatis doloremque voluptas.	2026-02-04 23:44:59	2026-02-04 23:44:59
134	5	14	3	Cum natus possimus harum error. Rerum ut quo molestias aut. Ut necessitatibus enim temporibus corrupti nam exercitationem. Temporibus explicabo in a qui.	2026-02-04 23:44:59	2026-02-04 23:44:59
136	5	16	1	Minima quibusdam id atque sed aut necessitatibus quia nulla. Dolor at voluptates odio est sed illo. Consequatur sequi neque esse nam in facilis omnis doloribus.	2026-02-04 23:44:59	2026-02-04 23:44:59
137	5	17	1	Hic dolore dolores itaque nihil unde qui reprehenderit. Sed sed omnis maxime porro odit quaerat. Maiores odit iusto voluptatibus eveniet illum libero.	2026-02-04 23:44:59	2026-02-04 23:44:59
138	5	18	1	Repellendus nesciunt perspiciatis et sequi. Molestias ad deserunt odio sint ab. Est est provident quo eaque. Quisquam cum sed deleniti.	2026-02-04 23:44:59	2026-02-04 23:44:59
139	5	19	5	Non sapiente et qui autem distinctio id. Quaerat omnis et cumque molestiae sit dolores rerum. Animi quibusdam voluptate adipisci praesentium non omnis ducimus possimus. Eligendi quaerat voluptatem qui debitis.	2026-02-04 23:44:59	2026-02-04 23:44:59
140	5	20	4	Sequi dolor cum quo. Minima adipisci officiis consectetur explicabo a odit ducimus numquam. Omnis culpa ratione debitis ut iste. Illum dicta voluptas hic occaecati.	2026-02-04 23:44:59	2026-02-04 23:44:59
141	5	21	1	Consequatur quasi molestias doloribus ad aut praesentium repudiandae. Aut explicabo a qui hic. Hic provident quos aut commodi qui maiores voluptatum. Laboriosam aut eum itaque voluptas. Dicta enim asperiores aut illo sit aut quam.	2026-02-04 23:44:59	2026-02-04 23:44:59
142	5	22	3	Enim quam rerum est. Consequatur debitis dolor numquam dolores. Dicta eos alias saepe consequatur vel. Enim rerum repudiandae in aspernatur voluptas sed perspiciatis recusandae.	2026-02-04 23:44:59	2026-02-04 23:44:59
143	5	23	4	Quia debitis ipsam voluptatem illo. Qui in illum ut numquam voluptatem. Nesciunt blanditiis sit harum dolore dolorem.	2026-02-04 23:44:59	2026-02-04 23:44:59
144	5	24	5	Quia nobis at voluptatibus esse nesciunt. Consequatur dolorum nihil fugit error veniam. Voluptatem dolorem ab numquam amet ratione eos maxime.	2026-02-04 23:44:59	2026-02-04 23:44:59
145	5	25	1	Maiores assumenda quo molestiae earum nihil. Quo velit culpa id. Enim tempore et sit.	2026-02-04 23:44:59	2026-02-04 23:44:59
146	5	26	3	Sunt aliquid earum fugit ullam commodi. Aliquam vel qui vero aut. Praesentium voluptatem possimus explicabo praesentium.	2026-02-04 23:44:59	2026-02-04 23:44:59
147	5	27	5	Tempora ut sunt laudantium neque architecto qui omnis. Eum soluta atque sed aut iste. Autem incidunt et et est nihil eius veniam. Sit voluptas optio a iure qui ut asperiores.	2026-02-04 23:44:59	2026-02-04 23:44:59
148	5	28	5	Vero ipsa sit aut recusandae et et enim. Totam sunt molestiae nemo. Ut facere libero voluptatem culpa corrupti sit nisi. Ipsa qui est dolorem aut voluptatem dolorem.	2026-02-04 23:44:59	2026-02-04 23:44:59
149	5	29	5	Et vitae laboriosam est soluta error quia. Et officiis dolores quo dolores. Tempora et eveniet suscipit. Quia ratione hic alias vel vero dolores aliquid. Dolores non error deserunt reprehenderit.	2026-02-04 23:45:00	2026-02-04 23:45:00
150	5	30	1	Qui qui qui sapiente similique fugit sunt excepturi. Iusto illo amet magni labore quia maxime. Doloribus et et nobis ea nihil molestiae facere necessitatibus.	2026-02-04 23:45:00	2026-02-04 23:45:00
151	5	31	3	Dolor aperiam et architecto possimus dolor. Voluptas voluptatem cumque laudantium odit eligendi vitae. Dignissimos eum excepturi veritatis eos. Minima est amet modi repudiandae quia eligendi qui.	2026-02-04 23:45:00	2026-02-04 23:45:00
152	5	32	2	Natus aliquid est ipsa voluptatem accusamus non ut. Est ipsam hic aperiam eos. Culpa asperiores et iusto dolorem rem enim.	2026-02-04 23:45:00	2026-02-04 23:45:00
153	5	33	3	Consequatur autem ad alias nemo possimus voluptatem quia. Voluptatem ipsam et dicta dolor animi non. Impedit iste inventore provident magni deleniti temporibus aut. Et ea qui omnis possimus.	2026-02-04 23:45:00	2026-02-04 23:45:00
154	5	34	1	Ullam saepe molestias et eos. Qui sit amet inventore veritatis blanditiis architecto aut. Occaecati commodi sint nihil maiores sed aspernatur.	2026-02-04 23:45:00	2026-02-04 23:45:00
155	5	35	3	Ab est fugit asperiores ut veritatis iure. Facilis dicta dolorem doloremque accusantium ab voluptas ipsa aspernatur. A neque in saepe dignissimos suscipit laborum.	2026-02-04 23:45:00	2026-02-04 23:45:00
156	5	36	5	Soluta delectus molestias ducimus maiores eveniet facere voluptatibus. Delectus quis nihil repellat aut vel. Ipsa totam rem ut expedita. Alias soluta perferendis voluptas et.	2026-02-04 23:45:00	2026-02-04 23:45:00
157	5	37	3	In nostrum error commodi maiores tempora repellendus dolore. Suscipit accusamus ratione totam eos adipisci et asperiores. Recusandae iure id dolores consequuntur quia.	2026-02-04 23:45:00	2026-02-04 23:45:00
158	5	38	5	Molestiae incidunt unde et aut quos non. Ipsam rem est amet officia ex nulla nisi. Doloremque aut deserunt quia dignissimos dolorem.	2026-02-04 23:45:00	2026-02-04 23:45:00
159	5	39	3	Qui sint suscipit et voluptatem ut laborum. Alias blanditiis illum dolores non optio et repellat. Id sunt temporibus assumenda modi hic mollitia.	2026-02-04 23:45:00	2026-02-04 23:45:00
160	5	40	2	Velit sed aut labore quas. Incidunt iure aut modi aliquid minus. Ducimus et dolorem totam animi delectus magni dolore. Consequatur tempore autem laudantium explicabo aut.	2026-02-04 23:45:00	2026-02-04 23:45:00
161	6	1	3	Natus non ad dolor qui dolorum distinctio. Autem eum et doloremque reiciendis et aspernatur repudiandae labore. Harum consequatur fugiat atque ut.	2026-02-04 23:45:00	2026-02-04 23:45:00
162	6	2	2	Cum cupiditate et quaerat corrupti et. Explicabo atque consectetur qui labore sapiente neque. Quidem quas dolores ut enim libero magni culpa odio.	2026-02-04 23:45:00	2026-02-04 23:45:00
163	6	3	2	Necessitatibus cumque itaque suscipit sed. Eveniet eos explicabo sint. Quae distinctio ut impedit esse impedit et.	2026-02-04 23:45:00	2026-02-04 23:45:00
164	6	4	5	Eos qui similique odio sint veritatis dolor voluptates. Eos qui harum sit facilis. Odit molestias fugit voluptatem nemo voluptas animi nesciunt. Suscipit est sapiente laboriosam hic nisi.	2026-02-04 23:45:00	2026-02-04 23:45:00
165	6	5	3	Adipisci magnam molestiae nihil velit reiciendis adipisci odio. Nostrum et voluptas non consequuntur nesciunt. Quibusdam amet sed laborum consectetur ad et est. Odio aperiam saepe dolor facere sit iusto quaerat.	2026-02-04 23:45:00	2026-02-04 23:45:00
166	6	6	1	Quia nam qui fugit dolorem. Necessitatibus sapiente ut quas error magni suscipit nihil. Omnis dolore vitae et repellendus.	2026-02-04 23:45:00	2026-02-04 23:45:00
167	6	7	2	Est quia facilis iste ea inventore. Officia repellat id eos aut. Minima in reiciendis mollitia saepe in ab.	2026-02-04 23:45:00	2026-02-04 23:45:00
168	6	8	1	Et tempore similique assumenda dolorem repellat voluptatem. Facere sed expedita nobis vel sed. A perspiciatis ducimus quos placeat aliquam qui neque porro. Ut et sit molestiae nam sit.	2026-02-04 23:45:00	2026-02-04 23:45:00
169	6	9	1	Ad commodi est fuga doloremque ut. Perferendis et nesciunt praesentium qui ea nostrum et est. Quia voluptas porro assumenda magni nulla.	2026-02-04 23:45:00	2026-02-04 23:45:00
170	6	10	2	Vel ut nemo tenetur nihil eligendi sint amet corrupti. Quisquam laudantium nulla repellendus totam et ut. Voluptate occaecati voluptas velit voluptatem non. Perferendis autem velit veritatis quia.	2026-02-04 23:45:00	2026-02-04 23:45:00
171	6	11	2	Corrupti ea eius eveniet autem aut. Molestias maxime et quis ut aspernatur voluptatem omnis. Vero sequi possimus et voluptatum qui earum nostrum.	2026-02-04 23:45:00	2026-02-04 23:45:00
172	6	12	3	Non odio doloremque dolores quas et. Iure ullam doloribus odit quam rem iusto dolor.	2026-02-04 23:45:00	2026-02-04 23:45:00
173	6	13	2	Consequuntur facere quia molestiae minus maxime suscipit est. Temporibus voluptas sunt et qui amet eos omnis.	2026-02-04 23:45:00	2026-02-04 23:45:00
174	6	14	4	Fuga sed nemo assumenda dolorum laboriosam similique magnam. Voluptas voluptatem sapiente aut doloremque fuga. Consequatur veniam aut dolore temporibus impedit. Nobis aliquam nihil dolorum.	2026-02-04 23:45:00	2026-02-04 23:45:00
175	6	15	2	Quis qui nam recusandae qui autem eum ut consequatur. Soluta cupiditate laboriosam animi vitae. Qui quidem est maxime recusandae sapiente reprehenderit doloribus. Et nisi minus voluptas tempora enim in possimus aut.	2026-02-04 23:45:00	2026-02-04 23:45:00
176	6	16	5	Consectetur eum nesciunt voluptas aspernatur. Excepturi ipsum eos eveniet quasi.	2026-02-04 23:45:00	2026-02-04 23:45:00
177	6	17	4	Nobis libero laborum maiores. Facilis molestiae dolores voluptatem ullam sint. Minus excepturi quae qui. Qui quos voluptatem autem distinctio repudiandae.	2026-02-04 23:45:00	2026-02-04 23:45:00
178	6	18	2	Et nulla totam possimus aut. Doloribus nemo nostrum corporis totam. Sed vel vel eos eos quia eum ipsum. Qui nostrum vel sunt id omnis aut ut.	2026-02-04 23:45:00	2026-02-04 23:45:00
179	6	19	3	Qui perferendis sequi omnis ex veniam. Laborum voluptas similique soluta reiciendis voluptatem tempore. Sunt maiores est quae qui labore consequatur sequi.	2026-02-04 23:45:00	2026-02-04 23:45:00
180	6	20	3	Ipsam aut consequatur recusandae perferendis. Rem libero facilis dolores officia. Voluptate vel autem dolores sit. Odio quibusdam quos sit quia eum.	2026-02-04 23:45:00	2026-02-04 23:45:00
181	6	21	4	Voluptatum distinctio est fugit dolorum. Quidem commodi officia impedit voluptatem totam excepturi numquam aperiam. Omnis suscipit magnam magni qui nemo odit ut qui.	2026-02-04 23:45:00	2026-02-04 23:45:00
182	6	22	5	Aut explicabo repudiandae qui non blanditiis fugit aliquid. Vitae doloribus tenetur consequatur quae quia recusandae deserunt. Et quisquam saepe eaque vel.	2026-02-04 23:45:00	2026-02-04 23:45:00
183	6	23	5	Explicabo ut sint eaque sit quaerat voluptatem et. Minima dolor molestiae consectetur error dolorum sunt.	2026-02-04 23:45:00	2026-02-04 23:45:00
184	6	24	3	Harum et tempora qui sed. Quas consequatur impedit qui dolor esse sit. Saepe itaque ut quod eveniet ipsa ad.	2026-02-04 23:45:00	2026-02-04 23:45:00
185	6	25	5	Velit mollitia nulla enim dolor omnis possimus. Adipisci aliquid voluptatem in sint nisi sit autem quis. Aut rem qui quibusdam.	2026-02-04 23:45:00	2026-02-04 23:45:00
186	6	26	4	Dicta magnam voluptas a voluptatibus mollitia. Dolorum eius nulla ipsa est. Magni ut consequatur expedita repellendus dolore architecto. Odit aspernatur labore praesentium reiciendis.	2026-02-04 23:45:01	2026-02-04 23:45:01
187	6	27	2	Reprehenderit qui facere ipsa rerum quam deleniti. Magnam quos occaecati voluptate maxime aspernatur aut sint. Sit sit id exercitationem laborum corrupti culpa ut.	2026-02-04 23:45:01	2026-02-04 23:45:01
188	6	28	1	Voluptates optio unde voluptas perspiciatis. Culpa molestias eos sit sit. Dolor dolorem cum ducimus quo nostrum debitis voluptas.	2026-02-04 23:45:01	2026-02-04 23:45:01
189	6	29	5	Corrupti nostrum et autem delectus adipisci laborum explicabo. Ea quod consequatur eum corrupti sit iste eveniet.	2026-02-04 23:45:01	2026-02-04 23:45:01
190	6	30	2	Quos facere mollitia autem ut alias omnis. Officia sed eum expedita corporis. Ea aliquam repudiandae maiores molestiae fugit. Nihil quos et harum corporis ut id porro. Repellat eum voluptatem quia nam veritatis commodi nihil.	2026-02-04 23:45:01	2026-02-04 23:45:01
191	6	31	2	Est doloribus qui nisi doloremque placeat quia voluptas. At iusto voluptate aliquid in quos. Sed sed ab ipsum qui cupiditate totam dolor. Illo voluptas ea ut iste assumenda voluptatem sequi.	2026-02-04 23:45:01	2026-02-04 23:45:01
192	6	32	3	Culpa dignissimos tempore quis aut magnam eveniet aut. Expedita quis sit qui quis magni nihil laboriosam molestiae. Nihil dicta voluptas vitae expedita aspernatur nesciunt consectetur quis.	2026-02-04 23:45:01	2026-02-04 23:45:01
193	6	33	2	Quia reprehenderit ex maxime similique saepe impedit. Quos enim ut quidem rem voluptatem occaecati qui est. Voluptatem id officia in consequatur. Eos aut quo doloribus voluptatem consequuntur aspernatur voluptates dolorum. Blanditiis ut sint beatae explicabo natus sunt.	2026-02-04 23:45:01	2026-02-04 23:45:01
194	6	34	2	Molestiae explicabo labore rerum impedit consequatur quo. Quia ea quibusdam ratione rerum quam placeat. Quo ratione corporis aspernatur qui.	2026-02-04 23:45:01	2026-02-04 23:45:01
195	6	35	5	Dolor iusto facere atque non. Fugiat corporis explicabo et possimus et. Mollitia quia veniam repudiandae.	2026-02-04 23:45:01	2026-02-04 23:45:01
196	6	36	2	Eveniet et soluta necessitatibus quis delectus sed. Esse quia debitis a libero necessitatibus esse reprehenderit nesciunt.	2026-02-04 23:45:01	2026-02-04 23:45:01
197	6	37	4	Ut sunt dolorem mollitia laudantium ut tempore. Non et nulla ipsa eum. Sint et nulla non et enim libero nisi.	2026-02-04 23:45:01	2026-02-04 23:45:01
198	6	38	2	Sunt ipsum omnis sint eos est hic ipsum. Similique id consequuntur et aut veritatis odit pariatur velit. Nesciunt molestiae minus voluptatibus et delectus possimus dolores.	2026-02-04 23:45:01	2026-02-04 23:45:01
199	6	39	1	Molestiae deserunt ipsa quasi laboriosam. Veniam aliquam magni voluptatem at maiores accusantium. Fugit totam sed sit omnis magnam quaerat soluta. Similique sit dignissimos aut eligendi vel. Qui sunt ipsa saepe eum.	2026-02-04 23:45:01	2026-02-04 23:45:01
200	6	40	5	Aut quia est quod quo tenetur. Quia quo architecto ut laborum est et eos.	2026-02-04 23:45:01	2026-02-04 23:45:01
201	7	1	2	Molestias omnis reiciendis occaecati qui et omnis. Ut nobis beatae quia nobis voluptas eligendi sit. Dicta ut eos quia reiciendis nemo sunt. Et quibusdam et esse eos sed illo.	2026-02-04 23:45:01	2026-02-04 23:45:01
202	7	2	2	Saepe quas hic reprehenderit nihil molestiae est. Voluptatum distinctio qui voluptas rerum tempora. Eum natus est maxime adipisci.	2026-02-04 23:45:01	2026-02-04 23:45:01
203	7	3	3	Quod harum distinctio nihil sed. Molestiae labore atque omnis provident voluptatum alias accusamus. Voluptatem architecto voluptas dolorum et rerum. Consequatur voluptatem omnis et veniam quasi blanditiis fugit.	2026-02-04 23:45:01	2026-02-04 23:45:01
204	7	4	1	Ex deleniti voluptas officiis exercitationem aut doloremque. Dolores quia voluptatibus voluptas et eum. Et consequatur enim ut. Dolor at debitis consequatur nam perferendis qui id occaecati.	2026-02-04 23:45:01	2026-02-04 23:45:01
205	7	5	5	Fugiat et cumque est iste. Omnis et eaque soluta. Rerum eius sed suscipit quaerat voluptatibus ut dolorem.	2026-02-04 23:45:01	2026-02-04 23:45:01
206	7	6	5	Et minima sed incidunt alias itaque. Dolores delectus provident et incidunt consequuntur. Error illum fugiat accusantium enim.	2026-02-04 23:45:01	2026-02-04 23:45:01
207	7	7	3	At aut qui amet necessitatibus illo amet est. Enim quis eius neque aliquid vel. Commodi rerum dolores nostrum aspernatur. Sint corporis adipisci expedita nam sunt repellat.	2026-02-04 23:45:01	2026-02-04 23:45:01
208	7	8	2	Voluptatibus impedit qui aut illum consequuntur officia et enim. Dolorem sit dolor omnis suscipit. Eos omnis voluptatum maxime culpa consequatur repellendus est temporibus.	2026-02-04 23:45:01	2026-02-04 23:45:01
209	7	9	5	Eveniet autem sed eius dolorum expedita. Fugit voluptatem quas illo eligendi quo cum et. Quasi similique ipsum quis ullam. Et est vitae qui non. Magnam accusamus vitae aspernatur quam cum expedita error est.	2026-02-04 23:45:01	2026-02-04 23:45:01
210	7	10	1	Dolorem est magnam molestias ipsam. Magni aut aspernatur est maiores. Ipsam reprehenderit maxime nemo fuga fuga.	2026-02-04 23:45:01	2026-02-04 23:45:01
211	7	11	4	Quo ipsam sed iure dolorem doloremque dolorem dolor quo. A ut harum molestiae assumenda tenetur animi. Et quae consequuntur eaque rerum harum.	2026-02-04 23:45:01	2026-02-04 23:45:01
212	7	12	1	Voluptas hic doloribus magni accusamus dolores. Modi porro quibusdam quisquam temporibus quisquam totam. Reiciendis et laborum accusamus ratione qui totam. Impedit quas occaecati sint. Magnam voluptas facere doloremque cumque sit id est.	2026-02-04 23:45:01	2026-02-04 23:45:01
213	7	13	3	Qui vitae ea qui repellendus et a repellendus aliquam. Sunt odio laudantium et architecto modi consectetur. Quia magni soluta voluptatem culpa. Dignissimos ducimus minima dolores aut non.	2026-02-04 23:45:01	2026-02-04 23:45:01
214	7	14	1	Iure odio eum magni nesciunt dolores rem porro. Nihil dolorem quam quo non. Voluptate corrupti laudantium sint et rerum minus architecto. Sit aut assumenda vero commodi.	2026-02-04 23:45:01	2026-02-04 23:45:01
215	7	15	2	Quo ut error neque perferendis. Ipsa consequatur excepturi impedit suscipit.	2026-02-04 23:45:01	2026-02-04 23:45:01
216	7	16	5	Consequatur totam deserunt quod dolores id. Quo sunt sint placeat. Voluptas aliquid earum dolore et.	2026-02-04 23:45:01	2026-02-04 23:45:01
217	7	17	5	Esse dolores harum repudiandae officiis molestiae laborum illum aliquam. Neque ullam velit laboriosam ut dolor.	2026-02-04 23:45:01	2026-02-04 23:45:01
218	7	18	3	Molestiae dolor autem tenetur alias nisi dolorem eum. Sint ut non sunt fuga. Ipsum ab laboriosam sint pariatur ut molestiae.	2026-02-04 23:45:02	2026-02-04 23:45:02
219	7	19	5	At facere deleniti est ut voluptatem doloribus facilis. Ad repellat maxime aperiam saepe eveniet facere. Quia dolorem maiores aut atque sed ducimus qui.	2026-02-04 23:45:02	2026-02-04 23:45:02
220	7	20	4	Non eos voluptatibus et ex quos culpa voluptatem. Aut laboriosam aut enim eum quas qui voluptas ullam. Eum repellendus est ut nam. Nihil quis quidem maxime vitae. Sit magnam facilis qui aspernatur dolore eaque totam.	2026-02-04 23:45:02	2026-02-04 23:45:02
221	7	21	2	Iusto unde qui eveniet nobis explicabo minima. Earum voluptatibus quis et nam doloribus iusto quidem. Nam quod porro vitae eligendi autem animi adipisci qui. Ab expedita et animi saepe eaque.	2026-02-04 23:45:02	2026-02-04 23:45:02
222	7	22	5	Animi est beatae quos omnis quidem. Nostrum natus quis voluptatum aliquid veritatis est est et. Accusantium tempora modi ea perspiciatis. Quis dolorem eum et est aliquam. Numquam assumenda sapiente sit maiores ducimus aspernatur doloribus.	2026-02-04 23:45:02	2026-02-04 23:45:02
223	7	23	5	Ad aut reprehenderit enim incidunt eveniet sequi. Vero iure velit et nostrum numquam quam. Perferendis voluptas aliquid officiis sed voluptatum autem dolore exercitationem.	2026-02-04 23:45:02	2026-02-04 23:45:02
224	7	24	3	Nihil reprehenderit fuga odit. Beatae et inventore accusantium sunt. Aut a velit rerum sed suscipit et. Repellat id quo eligendi consequatur facilis illo nisi id.	2026-02-04 23:45:02	2026-02-04 23:45:02
225	7	25	2	Officia commodi debitis voluptatum. Dolores eos nulla et quo et quis excepturi. Qui rerum nisi impedit ipsa.	2026-02-04 23:45:02	2026-02-04 23:45:02
226	7	26	2	Non minus sint expedita delectus voluptatem. Perspiciatis officia animi modi voluptas cum. Molestias officiis qui iste. Excepturi dolorem totam consequatur.	2026-02-04 23:45:02	2026-02-04 23:45:02
227	7	27	3	Aut modi vel quam qui. Doloribus repellendus laborum velit voluptatem consectetur doloribus ut. Alias vel doloribus autem voluptatibus. Molestiae sunt minima nam sit aliquam.	2026-02-04 23:45:02	2026-02-04 23:45:02
228	7	28	5	Itaque ipsam ut adipisci incidunt rerum eligendi animi. Eos ratione occaecati consequatur ad. Ea laborum eligendi laudantium ab quibusdam vero. Dignissimos sint et illo cum sit exercitationem.	2026-02-04 23:45:02	2026-02-04 23:45:02
229	7	29	4	Temporibus totam aliquid culpa officiis. Excepturi vel ut tempora asperiores reiciendis. Nobis est eius et eum sint.	2026-02-04 23:45:02	2026-02-04 23:45:02
230	7	30	2	At recusandae magnam error nisi enim vitae. Quos consequatur porro rerum et. Ut id velit ipsum tenetur rerum asperiores. Quisquam dignissimos in dolorum qui maxime distinctio.	2026-02-04 23:45:02	2026-02-04 23:45:02
231	7	31	1	Ullam accusantium iusto optio sint sint. Numquam saepe necessitatibus similique modi. Similique reprehenderit exercitationem voluptatem excepturi rerum atque et. Aut occaecati libero rerum consectetur laborum.	2026-02-04 23:45:02	2026-02-04 23:45:02
232	7	32	4	Excepturi nihil maxime labore delectus qui dolores eligendi. Dolores veritatis ea voluptatibus adipisci. Eos debitis excepturi aspernatur ea accusantium ducimus molestiae aut. Et itaque saepe iste alias.	2026-02-04 23:45:02	2026-02-04 23:45:02
233	7	33	2	Culpa esse rerum saepe minima. Quibusdam quidem ex inventore facere. Mollitia est assumenda unde consequatur explicabo. Iste sed et voluptas quo maiores commodi non.	2026-02-04 23:45:02	2026-02-04 23:45:02
234	7	34	3	Quia laborum nesciunt dolorum minima laboriosam explicabo velit. Est aut fugit excepturi ducimus quo quos. Dolorem laboriosam fugiat ab esse sint.	2026-02-04 23:45:02	2026-02-04 23:45:02
235	7	35	1	Voluptate quo alias vero aut ducimus. Illo officia voluptatem autem et nostrum voluptatem. Optio temporibus error asperiores consequatur.	2026-02-04 23:45:02	2026-02-04 23:45:02
236	7	36	3	Dolor modi fugiat rerum aliquid dolores omnis. Fuga alias ipsum est qui ducimus quos magni natus. Molestias ea est sequi. Tempore placeat magni ut atque enim dolor fugit.	2026-02-04 23:45:02	2026-02-04 23:45:02
237	7	37	5	Harum sint asperiores tenetur dolor veritatis voluptas voluptatem libero. Dignissimos nostrum dolorum sed in dignissimos totam ipsam dolorem. Voluptas commodi rerum minima.	2026-02-04 23:45:02	2026-02-04 23:45:02
238	7	38	3	Inventore modi ut ab beatae. Commodi nemo ea quis est cumque inventore. Labore itaque sit voluptates. Nobis quaerat aut velit eius facilis.	2026-02-04 23:45:02	2026-02-04 23:45:02
239	7	39	1	Et aperiam sint et aspernatur distinctio odio. Voluptatum nihil ipsum itaque occaecati. Cumque consequuntur incidunt ea et.	2026-02-04 23:45:02	2026-02-04 23:45:02
240	7	40	1	Totam et porro molestiae quo earum corporis aut et. Voluptatem perspiciatis in qui sed quia itaque. Dolorem excepturi non magnam minima aliquam corporis rerum.	2026-02-04 23:45:02	2026-02-04 23:45:02
241	8	1	3	Et tempora sed nihil ut et qui repellat eaque. Quia quia quae incidunt vero eius.	2026-02-04 23:45:02	2026-02-04 23:45:02
242	8	2	5	Illo molestiae vel itaque natus. Ratione odio ex aut eligendi sed quaerat odit laborum. Animi eos distinctio nihil. Reprehenderit temporibus suscipit dolor placeat delectus rerum eaque.	2026-02-04 23:45:02	2026-02-04 23:45:02
243	8	3	3	Et sequi quia soluta sint neque placeat. Eveniet autem deserunt itaque laboriosam quidem cumque. Dolor nemo at ex ut.	2026-02-04 23:45:02	2026-02-04 23:45:02
244	8	4	5	Velit et deserunt molestiae libero. A sunt non libero tempora. Unde quisquam nam dolore cum et quia excepturi.	2026-02-04 23:45:02	2026-02-04 23:45:02
245	8	5	2	Perspiciatis quo natus eum qui velit. Laudantium doloremque voluptatum voluptatem eligendi quisquam exercitationem. Facilis illo ipsam et ut blanditiis maiores possimus. Non voluptatem et a non.	2026-02-04 23:45:02	2026-02-04 23:45:02
246	8	6	1	Commodi et tenetur quibusdam optio. Libero eaque eaque commodi exercitationem ut quam dolor. Animi corrupti cum sit molestias.	2026-02-04 23:45:03	2026-02-04 23:45:03
247	8	7	2	Velit autem quis enim nihil. Suscipit quia ut laudantium. Recusandae consequatur ratione deleniti qui. Doloribus alias soluta non dolor aliquam. Iusto vero ratione et distinctio.	2026-02-04 23:45:03	2026-02-04 23:45:03
248	8	8	1	At ut ullam vel. Vero perspiciatis et sunt et. Necessitatibus dolores perspiciatis et optio dolorem voluptas. Quia autem voluptate repellat voluptatem autem iure.	2026-02-04 23:45:03	2026-02-04 23:45:03
249	8	9	2	Est et vel et consequatur iusto. Quia amet sit ut voluptates quisquam ullam. Est rem architecto corrupti. Tenetur explicabo laborum ipsa natus repellat totam velit.	2026-02-04 23:45:03	2026-02-04 23:45:03
250	8	10	1	Velit ut numquam expedita eum omnis corrupti. Est incidunt et voluptas reprehenderit corrupti soluta.	2026-02-04 23:45:03	2026-02-04 23:45:03
251	8	11	5	Iusto officia facilis ut accusamus id. Quidem ea numquam soluta. Officia veritatis eaque perspiciatis temporibus debitis. Quae aliquam non temporibus explicabo dolore qui et.	2026-02-04 23:45:03	2026-02-04 23:45:03
252	8	12	4	Blanditiis natus voluptas amet adipisci vero sequi quasi. Provident quidem velit aliquid eos delectus natus. Assumenda quasi sunt aperiam autem nulla culpa vel.	2026-02-04 23:45:03	2026-02-04 23:45:03
253	8	13	1	Mollitia dicta natus sit qui quia veritatis. Non maxime provident facilis assumenda dignissimos magni. Et ullam soluta accusamus nemo omnis. Non sit aut est sit corporis.	2026-02-04 23:45:03	2026-02-04 23:45:03
254	8	14	3	Et est tempore qui est ullam velit. Animi velit distinctio ut. Fuga voluptates molestiae beatae iure ab ratione ad. Necessitatibus qui reiciendis consectetur iusto necessitatibus dolores.	2026-02-04 23:45:03	2026-02-04 23:45:03
255	8	15	4	Est enim deleniti qui molestias facilis a voluptas. Maiores eos odio necessitatibus numquam. Ipsam vel aliquid reiciendis excepturi non officiis dolore reprehenderit. Voluptatibus aut dolor ut qui.	2026-02-04 23:45:03	2026-02-04 23:45:03
256	8	16	5	Corrupti impedit minus dignissimos autem harum aliquam. Et ad quam culpa qui. Quam quod velit voluptas iusto dicta. Et voluptatem reiciendis laborum molestiae quibusdam.	2026-02-04 23:45:03	2026-02-04 23:45:03
257	8	17	3	Quibusdam facilis laborum id ex sit adipisci qui. Error sit culpa dolor repudiandae. Tempora molestias autem sed et.	2026-02-04 23:45:03	2026-02-04 23:45:03
258	8	18	2	Aperiam et itaque veritatis et temporibus sapiente ullam. Et rerum doloremque quam aperiam non corrupti. Nam expedita ex ut.	2026-02-04 23:45:03	2026-02-04 23:45:03
259	8	19	5	Sint illum in dignissimos mollitia. Sed recusandae et dolores quaerat.	2026-02-04 23:45:03	2026-02-04 23:45:03
260	8	20	1	Quas est quis magnam ea aut. Rerum non eos tempora.	2026-02-04 23:45:03	2026-02-04 23:45:03
261	8	21	3	Voluptates aliquam facere quos placeat deleniti quae velit. Ea magni quo atque. Et veniam similique ducimus porro deleniti.	2026-02-04 23:45:03	2026-02-04 23:45:03
262	8	22	2	Ab velit voluptatem delectus facere eum. Dolore provident eos repudiandae debitis laboriosam sed deleniti. Minus alias aperiam quia quos qui aut.	2026-02-04 23:45:03	2026-02-04 23:45:03
263	8	23	3	Voluptatem culpa est ipsa quia. Omnis perferendis harum sit vero aut eius. Eveniet voluptatem maiores perferendis necessitatibus qui non perferendis. Dicta praesentium in ex aut. Qui cupiditate quis libero quia ut.	2026-02-04 23:45:03	2026-02-04 23:45:03
264	8	24	1	Molestiae ut sunt hic ratione. Consequatur unde quis et autem nam qui non. Quos repellendus itaque sed in ut est repudiandae. Voluptate quisquam non consequatur maiores sed.	2026-02-04 23:45:03	2026-02-04 23:45:03
265	8	25	3	Ipsa sed nobis occaecati facere occaecati. Consequuntur dolor molestiae consequatur sed sint iure. Est iste quidem cum et earum expedita consectetur.	2026-02-04 23:45:03	2026-02-04 23:45:03
266	8	26	1	Quasi doloremque et ea cumque sint eius minus. Consectetur nisi voluptatum adipisci aut dignissimos earum ipsum. Dolorum repellat cum asperiores in in reiciendis omnis. Quibusdam aut quasi et est.	2026-02-04 23:45:03	2026-02-04 23:45:03
267	8	27	5	Consequuntur autem omnis repudiandae similique est repudiandae dolorem exercitationem. Maxime vel eligendi sed optio omnis aliquid maiores. Voluptatem odit beatae optio recusandae molestiae ex. Voluptatem dolores et et vitae.	2026-02-04 23:45:03	2026-02-04 23:45:03
268	8	28	5	Nihil eum ipsam omnis rerum voluptas animi sapiente. Libero sapiente omnis illum dolores quasi. Est itaque voluptatem cupiditate temporibus. Voluptatem aliquam nihil sint voluptatem.	2026-02-04 23:45:03	2026-02-04 23:45:03
269	8	29	2	Odit est iusto omnis sed repellendus enim. Non molestiae sed eos eligendi voluptas dolor. Esse consequuntur sit minima sit molestiae accusamus. Animi expedita minima unde quas quis.	2026-02-04 23:45:03	2026-02-04 23:45:03
270	8	30	1	Dolorem officiis perspiciatis qui necessitatibus eveniet. Exercitationem nemo deleniti ut explicabo libero aut. Velit rem recusandae voluptatum deserunt optio perferendis. Reprehenderit voluptas sed sit quisquam repellendus.	2026-02-04 23:45:03	2026-02-04 23:45:03
271	8	31	5	Et voluptatum quidem et et impedit omnis pariatur. Et veniam laboriosam explicabo aut corporis occaecati voluptatem. Impedit deleniti amet dolorem dolore error deleniti.	2026-02-04 23:45:03	2026-02-04 23:45:03
272	8	32	3	Deleniti dolorum aperiam suscipit. Nam tenetur est facilis accusantium nemo. Quod ipsam quos voluptates distinctio.	2026-02-04 23:45:03	2026-02-04 23:45:03
273	8	33	5	Facilis unde voluptas est aut aliquam non. Eaque odio reprehenderit quo minima. Voluptas corporis iusto molestiae est possimus voluptatem alias ut. Consequuntur aliquam provident veniam distinctio quam reiciendis sed.	2026-02-04 23:45:03	2026-02-04 23:45:03
274	8	34	3	Et animi aut dolorem quo. Et provident accusantium qui inventore maxime voluptatum enim. Temporibus distinctio possimus amet consequatur. Reiciendis omnis eligendi sunt rerum.	2026-02-04 23:45:03	2026-02-04 23:45:03
275	8	35	5	Neque similique voluptas dolore velit. Voluptatem officiis maiores amet. Aliquam reprehenderit consequatur esse.	2026-02-04 23:45:03	2026-02-04 23:45:03
276	8	36	1	Delectus dolor eaque harum. Cum eos consequatur voluptate iusto esse numquam harum. Provident eos eius placeat quis sit qui. Quia atque occaecati sunt temporibus ea. Id cumque nulla autem voluptatibus consequatur harum.	2026-02-04 23:45:03	2026-02-04 23:45:03
277	8	37	3	Pariatur minima molestiae repudiandae exercitationem minus. Vero laudantium dolor dignissimos. Sit perspiciatis hic et repudiandae sint in fugiat.	2026-02-04 23:45:03	2026-02-04 23:45:03
278	8	38	4	Itaque et sint doloribus dolorem maxime. Quia et et dolor deleniti nemo sed distinctio quia. Non dolor modi est qui. Quibusdam natus qui nulla non voluptatum dicta. Voluptas modi quos dolor id quam.	2026-02-04 23:45:03	2026-02-04 23:45:03
279	8	39	5	Incidunt suscipit minima voluptatem inventore dicta tenetur quam tempora. Vel fuga voluptatem est sapiente incidunt quia eos. Adipisci iure nesciunt error.	2026-02-04 23:45:03	2026-02-04 23:45:03
280	8	40	1	Vitae sit recusandae veniam quasi officia. Officiis et amet iusto atque dolores eligendi. Voluptate voluptatum suscipit dolore illo et earum.	2026-02-04 23:45:03	2026-02-04 23:45:03
281	9	1	5	Nemo non incidunt adipisci amet voluptatem ea mollitia. Cumque repudiandae ut quia deleniti aut et. Error enim cum optio in veritatis. Maxime sint et quis qui voluptatibus.	2026-02-04 23:45:04	2026-02-04 23:45:04
282	9	2	1	Voluptates odio consectetur sapiente aperiam nobis qui. Nesciunt rerum aut incidunt quo.	2026-02-04 23:45:04	2026-02-04 23:45:04
283	9	3	2	Itaque velit harum molestias excepturi vel consequuntur aut. Quia consequuntur cumque aut voluptas. Assumenda beatae qui velit. Consectetur expedita molestiae aut sunt suscipit sit. Maiores cum sunt et dolorem aperiam pariatur sunt.	2026-02-04 23:45:04	2026-02-04 23:45:04
284	9	4	2	Quibusdam eius sed ipsam dolorum illo at. Atque perferendis animi vel laborum. Quam ut qui perferendis ut labore. Assumenda et atque enim dicta ducimus officia eveniet.	2026-02-04 23:45:04	2026-02-04 23:45:04
285	9	5	2	In quia repudiandae quisquam eaque quae asperiores. Excepturi nemo hic qui et qui reprehenderit. Aspernatur blanditiis dolorum laboriosam odio fugiat. Ipsa ipsam ex neque sequi laborum excepturi.	2026-02-04 23:45:04	2026-02-04 23:45:04
286	9	6	4	Sed dolor cumque excepturi quae sunt accusamus aperiam. Et non est accusamus error ipsam ut. Sequi saepe ex ut.	2026-02-04 23:45:04	2026-02-04 23:45:04
287	9	7	2	Dolorum aut quaerat sunt aut. Consequatur velit voluptas officiis odit veniam occaecati. Aut expedita occaecati maiores.	2026-02-04 23:45:04	2026-02-04 23:45:04
288	9	8	4	Ut ut beatae nulla quia aut inventore laudantium. Doloribus delectus earum non dolorem praesentium. Similique distinctio ducimus molestiae debitis dolor sapiente enim quam.	2026-02-04 23:45:04	2026-02-04 23:45:04
289	9	9	5	Esse sit cupiditate sed voluptas animi alias sint qui. Eos aut exercitationem quis sint laudantium molestias. Optio vel nesciunt accusamus iusto.	2026-02-04 23:45:04	2026-02-04 23:45:04
290	9	10	1	Adipisci dolores ex repellendus eum. Tempore quia sapiente magni et. Explicabo repudiandae fugiat occaecati et est ut magnam.	2026-02-04 23:45:04	2026-02-04 23:45:04
291	9	11	1	Praesentium quasi vel nostrum earum quia quos culpa eveniet. A eos numquam officia et possimus qui. Exercitationem rerum repudiandae quos ad optio. Quos placeat voluptate voluptatem dolores et illum incidunt.	2026-02-04 23:45:04	2026-02-04 23:45:04
292	9	12	4	Maxime modi veniam corrupti minus. Ab veniam esse numquam laborum omnis.	2026-02-04 23:45:04	2026-02-04 23:45:04
293	9	13	5	Et temporibus qui culpa quasi occaecati. Voluptatem autem dicta optio quos sed voluptatem explicabo. Tempora qui et recusandae.	2026-02-04 23:45:04	2026-02-04 23:45:04
294	9	14	5	Aliquid quia officia omnis ab. Ullam sed id reprehenderit maxime voluptatibus enim sed. Dolorem neque vitae adipisci deserunt dicta. Rerum voluptas voluptatem iste iste laborum.	2026-02-04 23:45:04	2026-02-04 23:45:04
295	9	15	2	Sint doloremque ut in dolorem harum sed dolorem. Harum molestiae earum sint doloremque rem. In alias assumenda voluptas dolorem et fugiat ratione. Magni temporibus a magnam quis.	2026-02-04 23:45:04	2026-02-04 23:45:04
296	9	16	5	Eligendi qui rerum debitis soluta modi qui. Ut ad dolores eum reiciendis unde et sapiente. Facilis quaerat iusto laudantium numquam corporis suscipit.	2026-02-04 23:45:04	2026-02-04 23:45:04
297	9	17	3	Ex aperiam impedit quia sunt exercitationem. Corrupti eos ut fugit. Fuga ut qui nemo odit enim id ipsam.	2026-02-04 23:45:04	2026-02-04 23:45:04
298	9	18	4	Perspiciatis tempore minus ab rerum ea rerum minus. Et sunt molestiae eius enim neque alias et consequuntur. Pariatur perferendis tenetur quibusdam consequatur suscipit eum. Dolore et dicta ad sunt laudantium.	2026-02-04 23:45:04	2026-02-04 23:45:04
299	9	19	5	Aliquid voluptatem necessitatibus corrupti et ea in. Officiis repudiandae exercitationem velit enim sit a. Et nemo odit delectus corporis. Sed laborum quae reprehenderit eaque et.	2026-02-04 23:45:04	2026-02-04 23:45:04
300	9	20	2	Deleniti minima reprehenderit dolorum quis. Quidem error quia expedita eius. Error et dolore non aliquid nulla omnis.	2026-02-04 23:45:04	2026-02-04 23:45:04
301	9	21	3	Quod ratione cum voluptatum. Quaerat aut illum et earum harum nihil molestiae. Voluptas voluptate consectetur nesciunt. Voluptas illo et ea et vel. Nam quam voluptas aperiam sunt ea et voluptatem.	2026-02-04 23:45:04	2026-02-04 23:45:04
302	9	22	2	Maxime quaerat deleniti minima recusandae. Magni voluptatibus velit qui porro. Ipsam necessitatibus dolorem nulla non ut officiis omnis amet. Minus culpa veritatis dolorem sed aut temporibus id deserunt.	2026-02-04 23:45:04	2026-02-04 23:45:04
303	9	23	1	Laudantium et enim eum pariatur. Sit minima unde impedit esse. Beatae pariatur veniam quos sint.	2026-02-04 23:45:04	2026-02-04 23:45:04
304	9	24	2	Minus repudiandae dolore cumque sed dolore ipsam. Voluptate molestiae aut iure magni veritatis ut delectus. Ad voluptatibus accusantium odio assumenda in assumenda laboriosam.	2026-02-04 23:45:04	2026-02-04 23:45:04
305	9	25	3	Enim molestiae molestias voluptas. Voluptas voluptas repudiandae sit eos possimus ut maiores. Qui id nihil qui aut.	2026-02-04 23:45:04	2026-02-04 23:45:04
306	9	26	5	Magni saepe illum quas quia ratione. Aperiam aut consequuntur quia ipsum enim eligendi eos dolor. Nihil est illo esse ducimus necessitatibus beatae qui. Libero aliquam qui officia distinctio omnis.	2026-02-04 23:45:04	2026-02-04 23:45:04
307	9	27	1	Iusto ducimus tempora alias ratione debitis pariatur tenetur enim. Quasi incidunt sint eos voluptate. Distinctio quam eum amet quidem soluta.	2026-02-04 23:45:04	2026-02-04 23:45:04
308	9	28	3	Quaerat quia tempore doloribus quos. Similique iusto quia similique odit consequatur ipsa. Sit temporibus molestiae molestiae.	2026-02-04 23:45:04	2026-02-04 23:45:04
309	9	29	1	Aliquid quia velit cumque in sed deleniti velit fuga. Voluptatem aut blanditiis esse sequi.	2026-02-04 23:45:04	2026-02-04 23:45:04
310	9	30	3	Sed labore molestiae quia optio iure nobis. Voluptatum animi est consequatur et. Doloremque qui reiciendis explicabo.	2026-02-04 23:45:04	2026-02-04 23:45:04
311	9	31	3	Eos vel ipsa inventore rerum. Dolores adipisci consequatur in sit officia beatae voluptatem autem. Consequuntur officiis explicabo repudiandae sed. Consequuntur deleniti maxime nemo incidunt.	2026-02-04 23:45:04	2026-02-04 23:45:04
312	9	32	4	Ipsum suscipit atque quas autem rerum consequatur maxime. Est consequatur corrupti consequatur est. Excepturi ipsum iusto soluta aperiam.	2026-02-04 23:45:04	2026-02-04 23:45:04
313	9	33	4	Atque rerum praesentium sit autem porro. Rerum provident eum omnis repellendus. Rerum enim animi et esse aliquid adipisci ut. Molestiae illo ipsum nostrum qui ut.	2026-02-04 23:45:04	2026-02-04 23:45:04
314	9	34	1	Neque itaque id ut consequuntur et. Quis nam eum quasi. Tempora rerum non est voluptatem repellendus. Non dicta totam perferendis voluptatum autem.	2026-02-04 23:45:04	2026-02-04 23:45:04
315	9	35	2	Ut saepe perferendis fugiat corrupti quod totam. Molestiae nesciunt neque ipsam quas illo itaque. Suscipit soluta rerum est quae.	2026-02-04 23:45:04	2026-02-04 23:45:04
316	9	36	2	Inventore sit quidem fugit quo. Corporis excepturi possimus numquam hic omnis quia. Ex voluptas excepturi optio natus et veniam.	2026-02-04 23:45:04	2026-02-04 23:45:04
317	9	37	1	Neque doloremque tempore esse minima voluptatem. Laudantium neque ipsam accusamus non. Aperiam numquam quo doloremque sit. Recusandae iusto mollitia omnis suscipit odio.	2026-02-04 23:45:04	2026-02-04 23:45:04
318	9	38	3	Eos voluptatum impedit sint. Ipsum qui sed consequuntur id ratione. Ab placeat in quia fugit voluptas.	2026-02-04 23:45:04	2026-02-04 23:45:04
319	9	39	1	Sapiente eos distinctio molestiae. Doloribus officiis similique vel et voluptatum tempore sunt. Ut libero dicta quidem.	2026-02-04 23:45:04	2026-02-04 23:45:04
320	9	40	4	Dolor deserunt repellendus dolorem libero possimus. Velit similique voluptatibus quibusdam nesciunt voluptatibus assumenda. Maiores blanditiis sed nulla.	2026-02-04 23:45:04	2026-02-04 23:45:04
321	10	1	3	Sed provident ut adipisci illo eum architecto. Unde optio officia voluptatem. Perferendis aut aperiam fuga eligendi voluptate amet. Omnis corrupti fuga incidunt aliquid voluptatem.	2026-02-04 23:45:05	2026-02-04 23:45:05
322	10	2	2	Consequatur incidunt reiciendis quos. Soluta omnis sunt ut at. Illum quaerat reiciendis voluptas velit corporis eum.	2026-02-04 23:45:05	2026-02-04 23:45:05
323	10	3	5	Aliquid alias voluptas similique. Deserunt aut omnis dolorem fugiat quia. Sed molestiae fugit eligendi neque ad ab reiciendis.	2026-02-04 23:45:05	2026-02-04 23:45:05
324	10	4	1	Nulla sint pariatur aut molestiae laboriosam officiis quidem. Odio et maiores sint maiores in id et quam.	2026-02-04 23:45:05	2026-02-04 23:45:05
325	10	5	3	Alias porro eum deleniti atque a maiores et. Adipisci aspernatur autem nobis est maxime est. Harum sint cum cumque non quos eos et.	2026-02-04 23:45:05	2026-02-04 23:45:05
326	10	6	5	Est sint molestiae sit. Et ea deleniti laboriosam. Deserunt quos vel est voluptatem facilis autem.	2026-02-04 23:45:05	2026-02-04 23:45:05
327	10	7	1	Recusandae ipsa dolore quo cupiditate repellat. Est blanditiis repellat non qui. Modi voluptatibus rerum expedita quo natus quos id quia. Doloremque et laborum molestiae unde.	2026-02-04 23:45:05	2026-02-04 23:45:05
328	10	8	5	Culpa enim aliquid at natus. Molestias non deserunt eveniet necessitatibus blanditiis dolor at. Omnis nisi illo rerum eos ipsum.	2026-02-04 23:45:05	2026-02-04 23:45:05
329	10	9	2	Voluptatem debitis quisquam assumenda. Vitae voluptatem ad assumenda et ex ea. Quia eos et mollitia nulla. Exercitationem voluptatibus aliquid sit nam.	2026-02-04 23:45:05	2026-02-04 23:45:05
330	10	10	5	Est laudantium placeat sed consectetur. Dolores saepe labore ipsam voluptatem dolores. Ad est quis unde veritatis ea omnis.	2026-02-04 23:45:05	2026-02-04 23:45:05
331	10	11	4	Laboriosam incidunt nobis aut libero deleniti soluta. Dicta cum nihil voluptatem molestias necessitatibus cumque cum. Odit eligendi reiciendis voluptatum officiis qui provident culpa est. Dolor aut unde quia nam quis. Corporis at illum in necessitatibus.	2026-02-04 23:45:05	2026-02-04 23:45:05
332	10	12	1	Cumque voluptatem aut saepe id alias. Aut quas reprehenderit voluptas voluptate voluptatem ut incidunt. Omnis et et odit enim debitis aut.	2026-02-04 23:45:05	2026-02-04 23:45:05
333	10	13	4	Rerum quae adipisci in quis cumque recusandae. Voluptas voluptatem nesciunt omnis rerum rerum minima. Autem eum tempore officiis fugiat in nostrum molestias.	2026-02-04 23:45:05	2026-02-04 23:45:05
334	10	14	1	Qui non in reiciendis doloribus aperiam. Minima enim quia ad quas repellendus in. Rerum et accusantium voluptates quia totam sequi possimus. Exercitationem incidunt quidem omnis omnis quibusdam accusantium.	2026-02-04 23:45:05	2026-02-04 23:45:05
335	10	15	4	A omnis et facilis omnis tempora. Veritatis ut eos amet eaque id odio distinctio. Qui optio totam hic labore. Non doloremque omnis aliquid commodi.	2026-02-04 23:45:05	2026-02-04 23:45:05
336	10	16	5	Doloremque blanditiis aspernatur pariatur. In atque vitae labore quis. Non beatae perferendis ab velit porro asperiores id.	2026-02-04 23:45:05	2026-02-04 23:45:05
337	10	17	3	Earum et omnis eum aut. Odit in et ipsam enim. Quasi ullam omnis eligendi doloribus illum.	2026-02-04 23:45:05	2026-02-04 23:45:05
338	10	18	3	Totam nisi cupiditate eaque animi accusamus delectus. Eum omnis deserunt voluptatibus. Dolor molestias non dolor ipsam quia quaerat at. Et soluta sit ut blanditiis aut neque enim.	2026-02-04 23:45:05	2026-02-04 23:45:05
339	10	19	3	Sit qui quae earum voluptates. Culpa nam debitis quo. Et animi adipisci officiis et dolores ratione.	2026-02-04 23:45:05	2026-02-04 23:45:05
340	10	20	3	Iure incidunt repudiandae delectus vel sit voluptate. Necessitatibus aspernatur delectus nulla ducimus sequi animi. Iusto incidunt atque culpa repudiandae quo. Nemo et voluptas labore sit a aut eligendi. Suscipit sapiente minus officiis aut nostrum et.	2026-02-04 23:45:05	2026-02-04 23:45:05
341	10	21	1	Cupiditate ducimus molestias nesciunt voluptas consequatur eos nobis. Neque ut totam qui aut nihil velit quis. Dicta praesentium quis enim rerum et voluptatem temporibus maxime.	2026-02-04 23:45:05	2026-02-04 23:45:05
342	10	22	3	Enim impedit facilis facilis laborum et. Dolorum animi magnam sit nihil odit quaerat. Doloremque sint et numquam reiciendis voluptatibus. Cupiditate quo animi corrupti molestias doloremque ad nisi tenetur.	2026-02-04 23:45:05	2026-02-04 23:45:05
343	10	23	2	Autem enim excepturi sed at vitae tenetur voluptatem cumque. Enim sit qui quam dolorum aut reprehenderit. Iure enim dolor ut.	2026-02-04 23:45:05	2026-02-04 23:45:05
344	10	24	4	Et voluptatibus quo dolorum optio nihil qui perferendis. Asperiores natus excepturi dolorum ab rerum. Unde doloribus similique harum fuga distinctio aspernatur quasi. Iure reiciendis id sint tempore.	2026-02-04 23:45:05	2026-02-04 23:45:05
345	10	25	5	Magnam aut et et aut natus aperiam tempora. Repudiandae aut omnis voluptatem aliquam. Sit officia voluptatem animi rerum eaque.	2026-02-04 23:45:05	2026-02-04 23:45:05
346	10	26	3	Ipsam enim reprehenderit unde enim sed voluptates a quae. Iste totam soluta quam deleniti sunt explicabo corrupti. Perspiciatis ipsum dolores voluptas atque.	2026-02-04 23:45:05	2026-02-04 23:45:05
347	10	27	2	Placeat hic recusandae aperiam magni tempore optio fuga. Libero expedita quisquam cupiditate odio placeat.	2026-02-04 23:45:05	2026-02-04 23:45:05
348	10	28	2	Repellendus cumque minus ipsam. Rem reiciendis unde tempore eveniet. Repudiandae sit quod quaerat placeat nemo ut doloribus. Commodi reiciendis voluptas et voluptas placeat.	2026-02-04 23:45:05	2026-02-04 23:45:05
349	10	29	2	Voluptates voluptatem asperiores doloremque illum dicta. Hic temporibus ipsa omnis temporibus repellat corporis reprehenderit. Reprehenderit architecto explicabo quo ratione.	2026-02-04 23:45:05	2026-02-04 23:45:05
350	10	30	5	Dolore explicabo eum corporis aliquam eum quidem. Ipsam quibusdam soluta eum quibusdam eum natus. Laudantium quam in molestiae voluptas harum aut commodi rerum.	2026-02-04 23:45:05	2026-02-04 23:45:05
351	10	31	3	Minus reiciendis molestiae ut officia omnis et tenetur est. Voluptas cupiditate asperiores voluptas quos voluptate in accusantium. Nam qui odit rerum itaque veritatis provident.	2026-02-04 23:45:05	2026-02-04 23:45:05
352	10	32	5	Et porro in tempore dolor tenetur rerum. Et occaecati sapiente labore molestiae vero. Omnis saepe omnis libero velit rerum.	2026-02-04 23:45:05	2026-02-04 23:45:05
353	10	33	1	Architecto et sit quibusdam nihil laudantium optio. Quibusdam commodi modi fugiat in. Inventore quisquam id labore cum. Quis dolores blanditiis possimus voluptatem odio soluta.	2026-02-04 23:45:05	2026-02-04 23:45:05
354	10	34	4	Fugit ut quae sint exercitationem numquam rerum ullam. Minus deleniti vel quidem quas velit. Deleniti dolorem omnis cum quo.	2026-02-04 23:45:05	2026-02-04 23:45:05
355	10	35	4	Optio cum natus et aut. Rerum necessitatibus quasi explicabo ut fuga. Et iste et reprehenderit quod recusandae.	2026-02-04 23:45:05	2026-02-04 23:45:05
356	10	36	5	Sed temporibus sunt aut vitae velit ut et. Sed velit ullam et error. Itaque perspiciatis omnis harum voluptas itaque illum.	2026-02-04 23:45:05	2026-02-04 23:45:05
357	10	37	5	Alias magni assumenda velit voluptatem voluptatem et et. Magnam veritatis quia eaque aut. Harum laboriosam temporibus tenetur ipsa ab.	2026-02-04 23:45:06	2026-02-04 23:45:06
358	10	38	1	Autem commodi aut aut et non. Magni qui est vel tempore unde sapiente autem. Corrupti qui sunt laboriosam dolor.	2026-02-04 23:45:06	2026-02-04 23:45:06
359	10	39	2	Eligendi enim enim ab est velit velit quaerat. Debitis nostrum autem molestiae quam omnis ullam. Nemo facilis voluptas reprehenderit debitis. Et voluptatem molestias ea quos laborum voluptatum aut ad.	2026-02-04 23:45:06	2026-02-04 23:45:06
360	10	40	5	Aspernatur eum excepturi iste repellat omnis et. Qui aliquam iure facere maiores et sunt eaque vel. Velit numquam aut ipsa reprehenderit et quibusdam mollitia. Numquam ipsam a quia officiis doloremque.	2026-02-04 23:45:06	2026-02-04 23:45:06
361	11	1	3	Corrupti sint quia magni quidem non. Assumenda labore vero aliquam molestiae dolorum et repellat. Molestias ipsum sequi aut similique placeat quod dolore minus. Voluptate repellendus nihil quia esse dolores.	2026-02-04 23:45:06	2026-02-04 23:45:06
362	11	2	2	Incidunt architecto explicabo modi est. Neque ut totam explicabo aliquid perspiciatis omnis sint ex. Neque et molestiae odit. In modi molestiae minus illum officiis perferendis occaecati.	2026-02-04 23:45:06	2026-02-04 23:45:06
363	11	3	1	Qui officiis quis rem veritatis unde qui molestiae. Quia similique sit itaque accusantium. Alias sit illo possimus culpa. Qui suscipit sunt dolores.	2026-02-04 23:45:06	2026-02-04 23:45:06
364	11	4	3	Sequi ut nesciunt nihil ab. Cum non aliquam sit dolore animi fuga. Enim voluptas eos magni consectetur quod aut voluptas nobis. Eligendi aspernatur culpa ut deleniti incidunt. Porro quia quia in doloribus deleniti quas.	2026-02-04 23:45:06	2026-02-04 23:45:06
365	11	5	2	Iure minima a laboriosam omnis quae asperiores sit. Necessitatibus ut eos voluptatem dolor. Non ut blanditiis consequatur qui quia non.	2026-02-04 23:45:06	2026-02-04 23:45:06
366	11	6	5	Dignissimos non sint non aut illum perspiciatis. Eum recusandae atque non dicta. Voluptatem fuga atque repellendus. Omnis incidunt et ab non consectetur.	2026-02-04 23:45:06	2026-02-04 23:45:06
367	11	7	1	Officiis consequatur iste et dignissimos dolore exercitationem. Eos laudantium distinctio error. Delectus officia officia error minima in.	2026-02-04 23:45:06	2026-02-04 23:45:06
368	11	8	4	Voluptatem cumque distinctio doloremque et quis consectetur tempora. Nesciunt ut magnam labore. Est amet sunt sunt odit in minus recusandae.	2026-02-04 23:45:06	2026-02-04 23:45:06
369	11	9	1	Ipsa eligendi expedita voluptatem deleniti aut ut aliquid. Ex labore odit et magnam eligendi quis deleniti.	2026-02-04 23:45:06	2026-02-04 23:45:06
370	11	10	2	Voluptatem ullam voluptas mollitia impedit vitae. Ut qui nostrum blanditiis nobis. Voluptas laborum atque necessitatibus quisquam.	2026-02-04 23:45:06	2026-02-04 23:45:06
371	11	11	3	Et ut voluptatem nobis quasi voluptas. Sint unde rerum nostrum natus. Consequatur ducimus aut velit consequatur quia dolorem eveniet non.	2026-02-04 23:45:06	2026-02-04 23:45:06
372	11	12	3	Quam commodi repudiandae consequatur enim beatae aspernatur. Nesciunt placeat quas consequatur est ipsum quibusdam ex dolor. Aut sed dolore numquam eum et.	2026-02-04 23:45:06	2026-02-04 23:45:06
373	11	13	2	Labore voluptas nemo minima reprehenderit expedita. Architecto molestiae sed quis sequi. Dolorem voluptatem nihil exercitationem ipsa est modi quisquam. Eius maxime quia ea fugiat harum itaque et.	2026-02-04 23:45:06	2026-02-04 23:45:06
374	11	14	5	Aut alias nesciunt id debitis aperiam. Nesciunt rerum eos qui non assumenda. Omnis unde error tempora consectetur quo illo.	2026-02-04 23:45:06	2026-02-04 23:45:06
375	11	15	1	Molestiae repellat accusamus dignissimos architecto ducimus voluptas enim. Reiciendis deserunt asperiores voluptatum aut vel nisi. Consequatur illo et consequatur facilis esse est et nisi.	2026-02-04 23:45:06	2026-02-04 23:45:06
376	11	16	5	Voluptas sit fugit cumque repudiandae. Laborum quia numquam voluptates. Ipsam doloremque et adipisci quos voluptas est porro. Hic facilis voluptas adipisci dolores cumque.	2026-02-04 23:45:06	2026-02-04 23:45:06
377	11	17	4	Qui sint ullam amet aperiam sapiente veritatis. Voluptas voluptatem dolorum doloribus dicta voluptas. Nisi deleniti autem rerum aut.	2026-02-04 23:45:06	2026-02-04 23:45:06
378	11	18	5	Voluptatum natus ea eum deserunt facilis exercitationem. Commodi est fugiat voluptatem autem et. Omnis quos impedit ut doloribus. Dolorem ut quis iste.	2026-02-04 23:45:06	2026-02-04 23:45:06
379	11	19	4	Fugiat amet quia repellat. Rerum corrupti fugiat laudantium voluptatibus. Assumenda facilis voluptatem non cupiditate.	2026-02-04 23:45:06	2026-02-04 23:45:06
380	11	20	5	Quo quis voluptas sint nesciunt est. Exercitationem voluptatem qui nostrum culpa qui. Repudiandae earum eos exercitationem voluptas eveniet enim.	2026-02-04 23:45:06	2026-02-04 23:45:06
381	11	21	4	Quia quia et voluptate assumenda sit dolorum. Incidunt ut soluta eveniet qui hic. Et eius tempora minus qui aut vitae commodi.	2026-02-04 23:45:06	2026-02-04 23:45:06
382	11	22	1	Perferendis quia cupiditate omnis non ipsum explicabo et ut. Aliquid nesciunt vitae placeat est officia sunt et. Vel minima iste a dolorum. Nulla porro sit officia velit praesentium quasi dolorum. Rerum quae voluptas est voluptatem nisi.	2026-02-04 23:45:06	2026-02-04 23:45:06
383	11	23	1	Vel architecto mollitia earum. Mollitia amet mollitia ullam enim tenetur. Facilis vel aliquid et sunt asperiores magni voluptatem. Eius optio dolore dolores omnis molestias suscipit minima voluptate.	2026-02-04 23:45:06	2026-02-04 23:45:06
384	11	24	4	Debitis ut suscipit maxime voluptatem assumenda. Molestiae omnis in quae sint. Exercitationem neque ex rem nostrum. Voluptatibus quis explicabo magni dolor voluptatem amet cupiditate.	2026-02-04 23:45:06	2026-02-04 23:45:06
385	11	25	3	Assumenda modi architecto optio autem facere. Quis quod error maxime nam. Esse sunt dolorum occaecati quia corporis. Ut libero sint incidunt.	2026-02-04 23:45:06	2026-02-04 23:45:06
386	11	26	5	Magni voluptas consequatur harum doloremque qui dolor minus qui. Vel quasi voluptas reiciendis suscipit sit ullam. Nihil et nisi amet fugiat dolorem iste omnis id. Voluptas et maiores illum sapiente amet. Ut et molestias quisquam et iusto et et.	2026-02-04 23:45:06	2026-02-04 23:45:06
387	11	27	3	Quod libero a autem. Minima et aperiam voluptatem sed voluptas iure non velit. Magni magnam iste id quod.	2026-02-04 23:45:06	2026-02-04 23:45:06
388	11	28	5	Atque sapiente possimus et molestiae quia ipsum earum. Quia incidunt pariatur et error est possimus omnis. Maiores fuga officiis voluptas qui omnis eos molestiae. Aut nam suscipit officia illo.	2026-02-04 23:45:06	2026-02-04 23:45:06
389	11	29	3	Sed vel aperiam et et perferendis. Voluptatibus aut dolorum qui est. Laborum numquam quis molestiae aut id a temporibus. Velit maxime pariatur aspernatur architecto exercitationem.	2026-02-04 23:45:06	2026-02-04 23:45:06
390	11	30	5	Laboriosam id et quae sit odit. Non nihil est non omnis. Id facere aut ut aliquam rerum. Nesciunt repellendus ut earum ducimus quia quae.	2026-02-04 23:45:06	2026-02-04 23:45:06
391	11	31	2	Hic aut consequuntur aut et eaque reprehenderit quas. Odio vel eius quia tenetur explicabo eum repudiandae. Quo doloremque laborum iste eum aliquam possimus. Voluptas eum possimus recusandae voluptatem quia. Maiores pariatur consectetur nostrum quibusdam ut.	2026-02-04 23:45:07	2026-02-04 23:45:07
392	11	32	3	Quae fuga et minima qui. Distinctio dolor sed quod veniam et voluptatem. Harum magnam nemo sed modi est magnam sint. Quia molestiae et molestiae quia.	2026-02-04 23:45:07	2026-02-04 23:45:07
393	11	33	4	Sed molestiae at sint earum alias in neque sunt. Exercitationem non iusto non aliquid alias omnis. Quo et impedit optio voluptatum veritatis quia ipsa nihil. Fugit sit aut nihil molestiae.	2026-02-04 23:45:07	2026-02-04 23:45:07
394	11	34	5	Nam possimus corporis amet labore non quod. Aut in et aut nam illum dolor. Quo porro sint itaque reprehenderit dicta rerum. Aut velit omnis repudiandae autem dolore sed earum qui.	2026-02-04 23:45:07	2026-02-04 23:45:07
395	11	35	3	Reprehenderit excepturi qui animi aut quis sit ex in. Voluptatem nesciunt inventore voluptatum. Cum voluptatem commodi quasi qui exercitationem quae beatae est.	2026-02-04 23:45:07	2026-02-04 23:45:07
396	11	36	2	Atque eos quo id. Repellat quod qui non ullam eveniet aut. Ullam mollitia corrupti repellendus non et.	2026-02-04 23:45:07	2026-02-04 23:45:07
397	11	37	3	Quia fugiat qui debitis ipsum iure a recusandae est. Odit voluptatem aut dolorem iste autem voluptates. Dolorem sit labore in impedit asperiores. Natus quo et veritatis ducimus aut fuga cum.	2026-02-04 23:45:07	2026-02-04 23:45:07
398	11	38	2	Vel ducimus nostrum quaerat omnis. Neque id cupiditate qui laboriosam et esse dolorem. Omnis voluptatem blanditiis earum dolorum nostrum. Repellat quam rem ut.	2026-02-04 23:45:07	2026-02-04 23:45:07
399	11	39	5	Animi cumque voluptate et quibusdam amet. Enim est nostrum eveniet animi voluptas quidem autem.	2026-02-04 23:45:07	2026-02-04 23:45:07
400	11	40	1	Magnam magni eum voluptas animi. Ut itaque dolores modi nihil. Ipsam natus maiores nihil sit in ut.	2026-02-04 23:45:07	2026-02-04 23:45:07
\.


--
-- TOC entry 5028 (class 0 OID 25618)
-- Dependencies: 222
-- Data for Name: sessions; Type: TABLE DATA; Schema: public; Owner: postgres
--

COPY public.sessions (id, user_id, ip_address, user_agent, payload, last_activity) FROM stdin;
J4VJeSfEjLTWChYoQ2zQZA3n5l93mtxPbuOG1Ufc	\N	127.0.0.1	Mozilla/5.0 (Windows NT 10.0; Win64; x64) AppleWebKit/537.36 (KHTML, like Gecko) Chrome/144.0.0.0 Safari/537.36	YTozOntzOjY6Il90b2tlbiI7czo0MDoiZ0Z6d2RwVzBZUUZ2WnZTaXN4bGJOWmlnbzlqbWp2dVdsMHV6cURKdSI7czo5OiJfcHJldmlvdXMiO2E6Mjp7czozOiJ1cmwiO3M6Mjc6Imh0dHA6Ly9sb2NhbGhvc3Q6ODAwMC9sb2dpbiI7czo1OiJyb3V0ZSI7czo1OiJsb2dpbiI7fXM6NjoiX2ZsYXNoIjthOjI6e3M6Mzoib2xkIjthOjA6e31zOjM6Im5ldyI7YTowOnt9fX0=	1770250325
\.


--
-- TOC entry 5026 (class 0 OID 25601)
-- Dependencies: 220
-- Data for Name: users; Type: TABLE DATA; Schema: public; Owner: postgres
--

COPY public.users (id, name, email, email_verified_at, password, remember_token, created_at, updated_at, role) FROM stdin;
1	Admin User	admin@pageturner.com	2026-02-04 23:44:53	$2y$12$wlIOeX.DoYmTguBY9q/SGeDZ3nuLNwXbIMp2vFD37qHDJipF3A4G6	LqiJ9VkfrN	2026-02-04 23:44:54	2026-02-04 23:44:54	admin
2	Mr. Reynold Armstrong PhD	leonard93@example.com	2026-02-04 23:44:54	$2y$12$wlIOeX.DoYmTguBY9q/SGeDZ3nuLNwXbIMp2vFD37qHDJipF3A4G6	1A8K9kY0K4	2026-02-04 23:44:54	2026-02-04 23:44:54	customer
3	Levi Rutherford	stella36@example.org	2026-02-04 23:44:54	$2y$12$wlIOeX.DoYmTguBY9q/SGeDZ3nuLNwXbIMp2vFD37qHDJipF3A4G6	P92LUO9FqJ	2026-02-04 23:44:54	2026-02-04 23:44:54	customer
4	Ms. Makayla Bins	coralie.kovacek@example.com	2026-02-04 23:44:54	$2y$12$wlIOeX.DoYmTguBY9q/SGeDZ3nuLNwXbIMp2vFD37qHDJipF3A4G6	Ugc2t0KZxR	2026-02-04 23:44:54	2026-02-04 23:44:54	customer
5	Bettie Klocko	agustina.rohan@example.net	2026-02-04 23:44:54	$2y$12$wlIOeX.DoYmTguBY9q/SGeDZ3nuLNwXbIMp2vFD37qHDJipF3A4G6	LXtrkf1Bcy	2026-02-04 23:44:54	2026-02-04 23:44:54	customer
6	Aracely Nitzsche	hansen.cara@example.com	2026-02-04 23:44:54	$2y$12$wlIOeX.DoYmTguBY9q/SGeDZ3nuLNwXbIMp2vFD37qHDJipF3A4G6	kGuEYPuIOj	2026-02-04 23:44:54	2026-02-04 23:44:54	customer
7	Duane Leuschke	victoria.padberg@example.net	2026-02-04 23:44:54	$2y$12$wlIOeX.DoYmTguBY9q/SGeDZ3nuLNwXbIMp2vFD37qHDJipF3A4G6	ImD3LSr06p	2026-02-04 23:44:54	2026-02-04 23:44:54	customer
8	Mrs. Brandy Klein Sr.	maybelle09@example.net	2026-02-04 23:44:54	$2y$12$wlIOeX.DoYmTguBY9q/SGeDZ3nuLNwXbIMp2vFD37qHDJipF3A4G6	qw0ni6G9iD	2026-02-04 23:44:54	2026-02-04 23:44:54	customer
9	Jessica Schiller	daugherty.bradford@example.com	2026-02-04 23:44:54	$2y$12$wlIOeX.DoYmTguBY9q/SGeDZ3nuLNwXbIMp2vFD37qHDJipF3A4G6	cJebLcxyjc	2026-02-04 23:44:54	2026-02-04 23:44:54	customer
10	Prof. Stevie Waelchi	tpfannerstill@example.net	2026-02-04 23:44:54	$2y$12$wlIOeX.DoYmTguBY9q/SGeDZ3nuLNwXbIMp2vFD37qHDJipF3A4G6	8RjZ48exWT	2026-02-04 23:44:54	2026-02-04 23:44:54	customer
11	Raheem Dooley	ross.casper@example.com	2026-02-04 23:44:54	$2y$12$wlIOeX.DoYmTguBY9q/SGeDZ3nuLNwXbIMp2vFD37qHDJipF3A4G6	f9t0mYB6JG	2026-02-04 23:44:54	2026-02-04 23:44:54	customer
\.


--
-- TOC entry 5064 (class 0 OID 0)
-- Dependencies: 232
-- Name: authors_id_seq; Type: SEQUENCE SET; Schema: public; Owner: postgres
--

SELECT pg_catalog.setval('public.authors_id_seq', 10, true);


--
-- TOC entry 5065 (class 0 OID 0)
-- Dependencies: 234
-- Name: books_id_seq; Type: SEQUENCE SET; Schema: public; Owner: postgres
--

SELECT pg_catalog.setval('public.books_id_seq', 40, true);


--
-- TOC entry 5066 (class 0 OID 0)
-- Dependencies: 230
-- Name: categories_id_seq; Type: SEQUENCE SET; Schema: public; Owner: postgres
--

SELECT pg_catalog.setval('public.categories_id_seq', 8, true);


--
-- TOC entry 5067 (class 0 OID 0)
-- Dependencies: 228
-- Name: failed_jobs_id_seq; Type: SEQUENCE SET; Schema: public; Owner: postgres
--

SELECT pg_catalog.setval('public.failed_jobs_id_seq', 1, false);


--
-- TOC entry 5068 (class 0 OID 0)
-- Dependencies: 225
-- Name: jobs_id_seq; Type: SEQUENCE SET; Schema: public; Owner: postgres
--

SELECT pg_catalog.setval('public.jobs_id_seq', 1, false);


--
-- TOC entry 5069 (class 0 OID 0)
-- Dependencies: 217
-- Name: migrations_id_seq; Type: SEQUENCE SET; Schema: public; Owner: postgres
--

SELECT pg_catalog.setval('public.migrations_id_seq', 15, true);


--
-- TOC entry 5070 (class 0 OID 0)
-- Dependencies: 238
-- Name: order_items_id_seq; Type: SEQUENCE SET; Schema: public; Owner: postgres
--

SELECT pg_catalog.setval('public.order_items_id_seq', 109, true);


--
-- TOC entry 5071 (class 0 OID 0)
-- Dependencies: 236
-- Name: orders_id_seq; Type: SEQUENCE SET; Schema: public; Owner: postgres
--

SELECT pg_catalog.setval('public.orders_id_seq', 34, true);


--
-- TOC entry 5072 (class 0 OID 0)
-- Dependencies: 240
-- Name: reviews_id_seq; Type: SEQUENCE SET; Schema: public; Owner: postgres
--

SELECT pg_catalog.setval('public.reviews_id_seq', 400, true);


--
-- TOC entry 5073 (class 0 OID 0)
-- Dependencies: 219
-- Name: users_id_seq; Type: SEQUENCE SET; Schema: public; Owner: postgres
--

SELECT pg_catalog.setval('public.users_id_seq', 11, true);


--
-- TOC entry 4857 (class 2606 OID 25691)
-- Name: authors authors_pkey; Type: CONSTRAINT; Schema: public; Owner: postgres
--

ALTER TABLE ONLY public.authors
    ADD CONSTRAINT authors_pkey PRIMARY KEY (id);


--
-- TOC entry 4869 (class 2606 OID 25778)
-- Name: author_book book_author_pkey; Type: CONSTRAINT; Schema: public; Owner: postgres
--

ALTER TABLE ONLY public.author_book
    ADD CONSTRAINT book_author_pkey PRIMARY KEY (book_id, author_id);


--
-- TOC entry 4859 (class 2606 OID 25713)
-- Name: books books_isbn_unique; Type: CONSTRAINT; Schema: public; Owner: postgres
--

ALTER TABLE ONLY public.books
    ADD CONSTRAINT books_isbn_unique UNIQUE (isbn);


--
-- TOC entry 4861 (class 2606 OID 25701)
-- Name: books books_pkey; Type: CONSTRAINT; Schema: public; Owner: postgres
--

ALTER TABLE ONLY public.books
    ADD CONSTRAINT books_pkey PRIMARY KEY (id);


--
-- TOC entry 4844 (class 2606 OID 25641)
-- Name: cache_locks cache_locks_pkey; Type: CONSTRAINT; Schema: public; Owner: postgres
--

ALTER TABLE ONLY public.cache_locks
    ADD CONSTRAINT cache_locks_pkey PRIMARY KEY (key);


--
-- TOC entry 4841 (class 2606 OID 25633)
-- Name: cache cache_pkey; Type: CONSTRAINT; Schema: public; Owner: postgres
--

ALTER TABLE ONLY public.cache
    ADD CONSTRAINT cache_pkey PRIMARY KEY (key);


--
-- TOC entry 4855 (class 2606 OID 25682)
-- Name: categories categories_pkey; Type: CONSTRAINT; Schema: public; Owner: postgres
--

ALTER TABLE ONLY public.categories
    ADD CONSTRAINT categories_pkey PRIMARY KEY (id);


--
-- TOC entry 4851 (class 2606 OID 25669)
-- Name: failed_jobs failed_jobs_pkey; Type: CONSTRAINT; Schema: public; Owner: postgres
--

ALTER TABLE ONLY public.failed_jobs
    ADD CONSTRAINT failed_jobs_pkey PRIMARY KEY (id);


--
-- TOC entry 4853 (class 2606 OID 25671)
-- Name: failed_jobs failed_jobs_uuid_unique; Type: CONSTRAINT; Schema: public; Owner: postgres
--

ALTER TABLE ONLY public.failed_jobs
    ADD CONSTRAINT failed_jobs_uuid_unique UNIQUE (uuid);


--
-- TOC entry 4849 (class 2606 OID 25659)
-- Name: job_batches job_batches_pkey; Type: CONSTRAINT; Schema: public; Owner: postgres
--

ALTER TABLE ONLY public.job_batches
    ADD CONSTRAINT job_batches_pkey PRIMARY KEY (id);


--
-- TOC entry 4846 (class 2606 OID 25651)
-- Name: jobs jobs_pkey; Type: CONSTRAINT; Schema: public; Owner: postgres
--

ALTER TABLE ONLY public.jobs
    ADD CONSTRAINT jobs_pkey PRIMARY KEY (id);


--
-- TOC entry 4828 (class 2606 OID 25599)
-- Name: migrations migrations_pkey; Type: CONSTRAINT; Schema: public; Owner: postgres
--

ALTER TABLE ONLY public.migrations
    ADD CONSTRAINT migrations_pkey PRIMARY KEY (id);


--
-- TOC entry 4865 (class 2606 OID 25734)
-- Name: order_items order_items_pkey; Type: CONSTRAINT; Schema: public; Owner: postgres
--

ALTER TABLE ONLY public.order_items
    ADD CONSTRAINT order_items_pkey PRIMARY KEY (id);


--
-- TOC entry 4863 (class 2606 OID 25722)
-- Name: orders orders_pkey; Type: CONSTRAINT; Schema: public; Owner: postgres
--

ALTER TABLE ONLY public.orders
    ADD CONSTRAINT orders_pkey PRIMARY KEY (id);


--
-- TOC entry 4834 (class 2606 OID 25617)
-- Name: password_reset_tokens password_reset_tokens_pkey; Type: CONSTRAINT; Schema: public; Owner: postgres
--

ALTER TABLE ONLY public.password_reset_tokens
    ADD CONSTRAINT password_reset_tokens_pkey PRIMARY KEY (email);


--
-- TOC entry 4867 (class 2606 OID 25753)
-- Name: reviews reviews_pkey; Type: CONSTRAINT; Schema: public; Owner: postgres
--

ALTER TABLE ONLY public.reviews
    ADD CONSTRAINT reviews_pkey PRIMARY KEY (id);


--
-- TOC entry 4837 (class 2606 OID 25624)
-- Name: sessions sessions_pkey; Type: CONSTRAINT; Schema: public; Owner: postgres
--

ALTER TABLE ONLY public.sessions
    ADD CONSTRAINT sessions_pkey PRIMARY KEY (id);


--
-- TOC entry 4830 (class 2606 OID 25610)
-- Name: users users_email_unique; Type: CONSTRAINT; Schema: public; Owner: postgres
--

ALTER TABLE ONLY public.users
    ADD CONSTRAINT users_email_unique UNIQUE (email);


--
-- TOC entry 4832 (class 2606 OID 25608)
-- Name: users users_pkey; Type: CONSTRAINT; Schema: public; Owner: postgres
--

ALTER TABLE ONLY public.users
    ADD CONSTRAINT users_pkey PRIMARY KEY (id);


--
-- TOC entry 4839 (class 1259 OID 25634)
-- Name: cache_expiration_index; Type: INDEX; Schema: public; Owner: postgres
--

CREATE INDEX cache_expiration_index ON public.cache USING btree (expiration);


--
-- TOC entry 4842 (class 1259 OID 25642)
-- Name: cache_locks_expiration_index; Type: INDEX; Schema: public; Owner: postgres
--

CREATE INDEX cache_locks_expiration_index ON public.cache_locks USING btree (expiration);


--
-- TOC entry 4847 (class 1259 OID 25652)
-- Name: jobs_queue_index; Type: INDEX; Schema: public; Owner: postgres
--

CREATE INDEX jobs_queue_index ON public.jobs USING btree (queue);


--
-- TOC entry 4835 (class 1259 OID 25626)
-- Name: sessions_last_activity_index; Type: INDEX; Schema: public; Owner: postgres
--

CREATE INDEX sessions_last_activity_index ON public.sessions USING btree (last_activity);


--
-- TOC entry 4838 (class 1259 OID 25625)
-- Name: sessions_user_id_index; Type: INDEX; Schema: public; Owner: postgres
--

CREATE INDEX sessions_user_id_index ON public.sessions USING btree (user_id);


--
-- TOC entry 4876 (class 2606 OID 25772)
-- Name: author_book book_author_author_id_foreign; Type: FK CONSTRAINT; Schema: public; Owner: postgres
--

ALTER TABLE ONLY public.author_book
    ADD CONSTRAINT book_author_author_id_foreign FOREIGN KEY (author_id) REFERENCES public.authors(id) ON DELETE CASCADE;


--
-- TOC entry 4877 (class 2606 OID 25767)
-- Name: author_book book_author_book_id_foreign; Type: FK CONSTRAINT; Schema: public; Owner: postgres
--

ALTER TABLE ONLY public.author_book
    ADD CONSTRAINT book_author_book_id_foreign FOREIGN KEY (book_id) REFERENCES public.books(id) ON DELETE CASCADE;


--
-- TOC entry 4870 (class 2606 OID 25702)
-- Name: books books_category_id_foreign; Type: FK CONSTRAINT; Schema: public; Owner: postgres
--

ALTER TABLE ONLY public.books
    ADD CONSTRAINT books_category_id_foreign FOREIGN KEY (category_id) REFERENCES public.categories(id) ON DELETE CASCADE;


--
-- TOC entry 4872 (class 2606 OID 25740)
-- Name: order_items order_items_book_id_foreign; Type: FK CONSTRAINT; Schema: public; Owner: postgres
--

ALTER TABLE ONLY public.order_items
    ADD CONSTRAINT order_items_book_id_foreign FOREIGN KEY (book_id) REFERENCES public.books(id) ON DELETE CASCADE;


--
-- TOC entry 4873 (class 2606 OID 25735)
-- Name: order_items order_items_order_id_foreign; Type: FK CONSTRAINT; Schema: public; Owner: postgres
--

ALTER TABLE ONLY public.order_items
    ADD CONSTRAINT order_items_order_id_foreign FOREIGN KEY (order_id) REFERENCES public.orders(id) ON DELETE CASCADE;


--
-- TOC entry 4871 (class 2606 OID 25723)
-- Name: orders orders_user_id_foreign; Type: FK CONSTRAINT; Schema: public; Owner: postgres
--

ALTER TABLE ONLY public.orders
    ADD CONSTRAINT orders_user_id_foreign FOREIGN KEY (customer_id) REFERENCES public.users(id) ON DELETE CASCADE;


--
-- TOC entry 4874 (class 2606 OID 25759)
-- Name: reviews reviews_book_id_foreign; Type: FK CONSTRAINT; Schema: public; Owner: postgres
--

ALTER TABLE ONLY public.reviews
    ADD CONSTRAINT reviews_book_id_foreign FOREIGN KEY (book_id) REFERENCES public.books(id) ON DELETE CASCADE;


--
-- TOC entry 4875 (class 2606 OID 25754)
-- Name: reviews reviews_user_id_foreign; Type: FK CONSTRAINT; Schema: public; Owner: postgres
--

ALTER TABLE ONLY public.reviews
    ADD CONSTRAINT reviews_user_id_foreign FOREIGN KEY (customer_id) REFERENCES public.users(id) ON DELETE CASCADE;


-- Completed on 2026-02-05 08:12:42

--
-- PostgreSQL database dump complete
--

